Timestamp,Level meter,Flow meter,Setpoint,Fill value,Discharge value,SP,PV
"2024-06-04 12:58:48,952",19076,0,0,,,,
"2024-06-04 12:58:48,959",,,,13685,0,0,0
"2024-06-04 12:58:48,970",19111,0,0,,,,
"2024-06-04 12:58:48,976",,,,13685,0,0,0
"2024-06-04 12:58:48,986",19133,0,0,,,,
"2024-06-04 12:58:48,992",,,,13685,0,0,0
"2024-06-04 12:58:49,003",19157,0,0,,,,
"2024-06-04 12:58:49,009",,,,13685,0,0,0
"2024-06-04 12:58:49,019",19179,0,0,,,,
"2024-06-04 12:58:49,025",,,,13685,0,0,0
"2024-06-04 12:58:49,037",19205,0,0,,,,
"2024-06-04 12:58:49,043",,,,13685,0,0,0
"2024-06-04 12:58:49,053",19228,0,0,,,,
"2024-06-04 12:58:49,058",,,,13685,0,0,0
"2024-06-04 12:58:49,069",19255,0,0,,,,
"2024-06-04 12:58:49,075",,,,13685,0,0,0
"2024-06-04 12:58:49,085",19277,0,0,,,,
"2024-06-04 12:58:49,090",,,,13685,0,0,0
"2024-06-04 12:58:49,101",19301,0,0,,,,
"2024-06-04 12:58:49,106",,,,13685,0,0,0
"2024-06-04 12:58:49,116",19324,0,0,,,,
"2024-06-04 12:58:49,122",,,,13685,0,0,0
"2024-06-04 12:58:49,132",19346,0,0,,,,
"2024-06-04 12:58:49,137",,,,13685,0,0,0
"2024-06-04 12:58:49,147",19368,0,0,,,,
"2024-06-04 12:58:49,153",,,,13685,0,0,0
"2024-06-04 12:58:49,163",19395,0,0,,,,
"2024-06-04 12:58:49,168",,,,13685,0,0,0
"2024-06-04 12:58:49,178",19416,0,0,,,,
"2024-06-04 12:58:49,184",,,,13685,0,0,0
"2024-06-04 12:58:49,194",19444,0,0,,,,
"2024-06-04 12:58:49,199",,,,13685,0,0,0
"2024-06-04 12:58:49,209",19468,0,0,,,,
"2024-06-04 12:58:49,215",,,,13685,0,0,0
"2024-06-04 12:58:49,225",19491,0,0,,,,
"2024-06-04 12:58:49,230",,,,13685,0,0,0
"2024-06-04 12:58:49,240",19513,0,0,,,,
"2024-06-04 12:58:49,246",,,,13685,0,0,0
"2024-06-04 12:58:49,257",19535,0,0,,,,
"2024-06-04 12:58:49,262",,,,13685,0,0,0
"2024-06-04 12:58:49,272",19563,0,0,,,,
"2024-06-04 12:58:49,278",,,,13685,0,0,0
"2024-06-04 12:58:49,288",19587,0,0,,,,
"2024-06-04 12:58:49,294",,,,13685,0,0,0
"2024-06-04 12:58:49,304",19612,0,0,,,,
"2024-06-04 12:58:49,309",,,,13685,0,0,0
"2024-06-04 12:58:49,319",19635,0,0,,,,
"2024-06-04 12:58:49,325",,,,13685,0,0,0
"2024-06-04 12:58:49,335",19657,0,0,,,,
"2024-06-04 12:58:49,341",,,,13685,0,0,0
"2024-06-04 12:58:49,351",19685,0,0,,,,
"2024-06-04 12:58:49,357",,,,13685,0,0,0
"2024-06-04 12:58:49,367",19707,0,0,,,,
"2024-06-04 12:58:49,373",,,,13685,0,0,0
"2024-06-04 12:58:49,383",19730,0,0,,,,
"2024-06-04 12:58:49,389",,,,13685,0,0,0
"2024-06-04 12:58:49,399",19752,0,0,,,,
"2024-06-04 12:58:49,405",,,,13685,0,0,0
"2024-06-04 12:58:49,415",19780,0,0,,,,
"2024-06-04 12:58:49,421",,,,13685,0,0,0
"2024-06-04 12:58:49,431",19809,0,0,,,,
"2024-06-04 12:58:49,436",,,,13685,0,0,0
"2024-06-04 12:58:49,446",19831,0,0,,,,
"2024-06-04 12:58:49,452",,,,13685,0,0,0
"2024-06-04 12:58:49,463",19853,0,0,,,,
"2024-06-04 12:58:49,470",,,,13685,0,0,0
"2024-06-04 12:58:49,481",19875,0,0,,,,
"2024-06-04 12:58:49,486",,,,13685,0,0,0
"2024-06-04 12:58:49,497",19897,0,0,,,,
"2024-06-04 12:58:49,502",,,,13685,0,0,0
"2024-06-04 12:58:49,512",19926,0,0,,,,
"2024-06-04 12:58:49,518",,,,13685,0,0,0
"2024-06-04 12:58:49,529",19949,0,0,,,,
"2024-06-04 12:58:49,535",,,,13685,0,0,0
"2024-06-04 12:58:49,546",19971,0,0,,,,
"2024-06-04 12:58:49,552",,,,13685,0,0,0
"2024-06-04 12:58:49,562",19994,0,0,,,,
"2024-06-04 12:58:49,568",,,,13685,0,0,0
"2024-06-04 12:58:49,578",20016,0,0,,,,
"2024-06-04 12:58:49,584",,,,13685,0,0,0
"2024-06-04 12:58:49,594",20044,0,0,,,,
"2024-06-04 12:58:49,600",,,,13685,0,0,0
"2024-06-04 12:58:49,610",20067,0,0,,,,
"2024-06-04 12:58:49,615",,,,13685,0,0,0
"2024-06-04 12:58:49,625",20092,0,0,,,,
"2024-06-04 12:58:49,631",,,,13685,0,0,0
"2024-06-04 12:58:49,641",20126,0,0,,,,
"2024-06-04 12:58:49,647",,,,13685,0,0,0
"2024-06-04 12:58:49,657",20148,0,0,,,,
"2024-06-04 12:58:49,663",,,,13685,0,0,0
"2024-06-04 12:58:49,673",20176,0,0,,,,
"2024-06-04 12:58:49,679",,,,13685,0,0,0
"2024-06-04 12:58:49,689",20199,0,0,,,,
"2024-06-04 12:58:49,695",,,,13685,0,0,0
"2024-06-04 12:58:49,705",20221,0,0,,,,
"2024-06-04 12:58:49,712",,,,13685,0,0,0
"2024-06-04 12:58:49,722",20243,0,0,,,,
"2024-06-04 12:58:49,728",,,,13685,0,0,0
"2024-06-04 12:58:49,738",20271,0,0,,,,
"2024-06-04 12:58:49,744",,,,13685,0,0,0
"2024-06-04 12:58:49,754",20294,0,0,,,,
"2024-06-04 12:58:49,760",,,,13685,0,0,0
"2024-06-04 12:58:49,770",20317,0,0,,,,
"2024-06-04 12:58:49,776",,,,13685,0,0,0
"2024-06-04 12:58:49,786",20339,0,0,,,,
"2024-06-04 12:58:49,791",,,,13685,0,0,0
"2024-06-04 12:58:49,801",20367,0,0,,,,
"2024-06-04 12:58:49,807",,,,13685,0,0,0
"2024-06-04 12:58:49,817",20389,0,0,,,,
"2024-06-04 12:58:49,823",,,,13685,0,0,0
"2024-06-04 12:58:49,833",20412,0,0,,,,
"2024-06-04 12:58:49,839",,,,13685,0,0,0
"2024-06-04 12:58:49,849",20435,0,0,,,,
"2024-06-04 12:58:49,855",,,,13685,0,0,0
"2024-06-04 12:58:49,865",20463,0,0,,,,
"2024-06-04 12:58:49,871",,,,13685,0,0,0
"2024-06-04 12:58:49,881",20485,0,0,,,,
"2024-06-04 12:58:49,887",,,,13685,0,0,0
"2024-06-04 12:58:49,897",20508,0,0,,,,
"2024-06-04 12:58:49,903",,,,13685,0,0,0
"2024-06-04 12:58:49,913",20530,0,0,,,,
"2024-06-04 12:58:49,920",,,,13685,0,0,0
"2024-06-04 12:58:49,930",20555,0,0,,,,
"2024-06-04 12:58:49,935",,,,13685,0,0,0
"2024-06-04 12:58:49,946",20584,0,0,,,,
"2024-06-04 12:58:49,951",,,,13685,0,0,0
"2024-06-04 12:58:49,961",20606,0,0,,,,
"2024-06-04 12:58:49,967",,,,13685,0,0,0
"2024-06-04 12:58:49,977",20628,0,0,,,,
"2024-06-04 12:58:49,983",,,,13685,0,0,0
"2024-06-04 12:58:49,993",20651,0,0,,,,
"2024-06-04 12:58:49,998",,,,13685,0,0,0
"2024-06-04 12:58:50,008",20673,0,0,,,,
"2024-06-04 12:58:50,014",,,,13685,0,0,0
"2024-06-04 12:58:50,024",20701,0,0,,,,
"2024-06-04 12:58:50,029",,,,13685,0,0,0
"2024-06-04 12:58:50,040",20724,0,0,,,,
"2024-06-04 12:58:50,045",,,,13685,0,0,0
"2024-06-04 12:58:50,056",20746,0,0,,,,
"2024-06-04 12:58:50,061",,,,13685,0,0,0
"2024-06-04 12:58:50,071",20769,0,0,,,,
"2024-06-04 12:58:50,077",,,,13685,0,0,0
"2024-06-04 12:58:50,087",20797,0,0,,,,
"2024-06-04 12:58:50,092",,,,13685,0,0,0
"2024-06-04 12:58:50,102",20819,0,0,,,,
"2024-06-04 12:58:50,108",,,,13685,0,0,0
"2024-06-04 12:58:50,118",20842,0,0,,,,
"2024-06-04 12:58:50,123",,,,13685,0,0,0
"2024-06-04 12:58:50,134",20870,0,0,,,,
"2024-06-04 12:58:50,139",,,,13685,0,0,0
"2024-06-04 12:58:50,150",20893,0,0,,,,
"2024-06-04 12:58:50,156",,,,13685,0,0,0
"2024-06-04 12:58:50,166",20915,0,0,,,,
"2024-06-04 12:58:50,171",,,,13685,0,0,0
"2024-06-04 12:58:50,181",20943,0,0,,,,
"2024-06-04 12:58:50,187",,,,13685,0,0,0
"2024-06-04 12:58:50,197",20966,0,0,,,,
"2024-06-04 12:58:50,202",,,,13685,0,0,0
"2024-06-04 12:58:50,213",20988,0,0,,,,
"2024-06-04 12:58:50,218",,,,13685,0,0,0
"2024-06-04 12:58:50,228",21010,0,0,,,,
"2024-06-04 12:58:50,234",,,,13685,0,0,0
"2024-06-04 12:58:50,244",21033,0,0,,,,
"2024-06-04 12:58:50,250",,,,13685,0,0,0
"2024-06-04 12:58:50,260",21055,0,0,,,,
"2024-06-04 12:58:50,266",,,,13685,0,0,0
"2024-06-04 12:58:50,276",21081,0,0,,,,
"2024-06-04 12:58:50,282",,,,13685,0,0,0
"2024-06-04 12:58:50,292",21109,0,0,,,,
"2024-06-04 12:58:50,297",,,,13685,0,0,0
"2024-06-04 12:58:50,308",21137,0,0,,,,
"2024-06-04 12:58:50,313",,,,13685,0,0,0
"2024-06-04 12:58:50,323",21159,0,0,,,,
"2024-06-04 12:58:50,329",,,,13685,0,0,0
"2024-06-04 12:58:50,339",21187,0,0,,,,
"2024-06-04 12:58:50,344",,,,13685,0,0,0
"2024-06-04 12:58:50,355",21210,0,0,,,,
"2024-06-04 12:58:50,360",,,,13685,0,0,0
"2024-06-04 12:58:50,379",21232,0,0,,,,
"2024-06-04 12:58:50,388",,,,13685,0,0,0
"2024-06-04 12:58:50,398",21258,0,0,,,,
"2024-06-04 12:58:50,403",,,,13685,0,0,0
"2024-06-04 12:58:50,414",21286,0,0,,,,
"2024-06-04 12:58:50,419",,,,13685,0,0,0
"2024-06-04 12:58:50,429",21308,0,0,,,,
"2024-06-04 12:58:50,435",,,,13685,0,0,0
"2024-06-04 12:58:50,445",21331,0,0,,,,
"2024-06-04 12:58:50,451",,,,13685,0,0,0
"2024-06-04 12:58:50,462",21353,0,0,,,,
"2024-06-04 12:58:50,467",,,,13685,0,0,0
"2024-06-04 12:58:50,478",21376,0,0,,,,
"2024-06-04 12:58:50,484",,,,13685,0,0,0
"2024-06-04 12:58:50,494",21398,0,0,,,,
"2024-06-04 12:58:50,500",,,,13685,0,0,0
"2024-06-04 12:58:50,511",21426,0,0,,,,
"2024-06-04 12:58:50,517",,,,13685,0,0,0
"2024-06-04 12:58:50,527",21449,0,0,,,,
"2024-06-04 12:58:50,533",,,,13685,0,0,0
"2024-06-04 12:58:50,543",21471,0,0,,,,
"2024-06-04 12:58:50,549",,,,13685,0,0,0
"2024-06-04 12:58:50,559",21499,0,0,,,,
"2024-06-04 12:58:50,565",,,,13685,0,0,0
"2024-06-04 12:58:50,575",21522,0,0,,,,
"2024-06-04 12:58:50,581",,,,13685,0,0,0
"2024-06-04 12:58:50,591",21544,0,0,,,,
"2024-06-04 12:58:50,597",,,,13685,0,0,0
"2024-06-04 12:58:50,607",21567,0,0,,,,
"2024-06-04 12:58:50,613",,,,13685,0,0,0
"2024-06-04 12:58:50,623",21595,0,0,,,,
"2024-06-04 12:58:50,629",,,,13685,0,0,0
"2024-06-04 12:58:50,639",21617,0,0,,,,
"2024-06-04 12:58:50,644",,,,13685,0,0,0
"2024-06-04 12:58:50,654",21640,0,0,,,,
"2024-06-04 12:58:50,660",,,,13685,0,0,0
"2024-06-04 12:58:50,670",21662,0,0,,,,
"2024-06-04 12:58:50,675",,,,13685,0,0,0
"2024-06-04 12:58:50,685",21685,0,0,,,,
"2024-06-04 12:58:50,691",,,,13685,0,0,0
"2024-06-04 12:58:50,701",21707,0,0,,,,
"2024-06-04 12:58:50,707",,,,13685,0,0,0
"2024-06-04 12:58:50,717",21730,0,0,,,,
"2024-06-04 12:58:50,722",,,,13685,0,0,0
"2024-06-04 12:58:50,732",21758,0,0,,,,
"2024-06-04 12:58:50,738",,,,13685,0,0,0
"2024-06-04 12:58:50,748",21783,0,0,,,,
"2024-06-04 12:58:50,754",,,,13685,0,0,0
"2024-06-04 12:58:50,764",21811,0,0,,,,
"2024-06-04 12:58:50,770",,,,13685,0,0,0
"2024-06-04 12:58:50,780",21834,0,0,,,,
"2024-06-04 12:58:50,785",,,,13685,0,0,0
"2024-06-04 12:58:50,796",21856,0,0,,,,
"2024-06-04 12:58:50,801",,,,13685,0,0,0
"2024-06-04 12:58:50,812",21879,0,0,,,,
"2024-06-04 12:58:50,817",,,,13685,0,0,0
"2024-06-04 12:58:50,827",21907,0,0,,,,
"2024-06-04 12:58:50,833",,,,13685,0,0,0
"2024-06-04 12:58:50,843",21929,0,0,,,,
"2024-06-04 12:58:50,849",,,,13685,0,0,0
"2024-06-04 12:58:50,859",21952,0,0,,,,
"2024-06-04 12:58:50,864",,,,13685,0,0,0
"2024-06-04 12:58:50,874",21974,0,0,,,,
"2024-06-04 12:58:50,880",,,,13685,0,0,0
"2024-06-04 12:58:50,890",21997,0,0,,,,
"2024-06-04 12:58:50,895",,,,13685,0,0,0
"2024-06-04 12:58:50,906",22025,0,0,,,,
"2024-06-04 12:58:50,912",,,,13685,0,0,0
"2024-06-04 12:58:50,923",22047,0,0,,,,
"2024-06-04 12:58:50,929",,,,13685,0,0,0
"2024-06-04 12:58:50,939",22070,0,0,,,,
"2024-06-04 12:58:50,944",,,,13685,0,0,0
"2024-06-04 12:58:50,955",22092,0,0,,,,
"2024-06-04 12:58:50,960",,,,13685,0,0,0
"2024-06-04 12:58:50,970",22123,0,0,,,,
"2024-06-04 12:58:50,976",,,,13685,32767,0,0
"2024-06-04 12:58:50,986",22151,0,0,,,,
"2024-06-04 12:58:50,992",,,,13685,32767,0,0
"2024-06-04 12:58:51,002",22174,4773,0,,,,
"2024-06-04 12:58:51,007",,,,13685,32767,0,0
"2024-06-04 12:58:51,018",22202,15591,0,,,,
"2024-06-04 12:58:51,023",,,,13685,32767,0,0
"2024-06-04 12:58:51,034",22224,20555,0,,,,
"2024-06-04 12:58:51,040",,,,13685,32767,0,0
"2024-06-04 12:58:51,051",22247,22929,0,,,,
"2024-06-04 12:58:51,056",,,,13685,32767,0,0
"2024-06-04 12:58:51,066",22269,23980,0,,,,
"2024-06-04 12:58:51,072",,,,13685,32767,0,0
"2024-06-04 12:58:51,082",22291,24409,0,,,,
"2024-06-04 12:58:51,088",,,,13685,32767,0,0
"2024-06-04 12:58:51,098",22312,24571,0,,,,
"2024-06-04 12:58:51,103",,,,13685,32767,0,0
"2024-06-04 12:58:51,113",22311,24623,0,,,,
"2024-06-04 12:58:51,119",,,,13685,32767,0,0
"2024-06-04 12:58:51,129",22172,24630,0,,,,
"2024-06-04 12:58:51,135",,,,13685,32767,0,0
"2024-06-04 12:58:51,145",21894,24619,0,,,,
"2024-06-04 12:58:51,151",,,,13685,32767,0,0
"2024-06-04 12:58:51,161",21712,24602,0,,,,
"2024-06-04 12:58:51,166",,,,13685,32767,0,0
"2024-06-04 12:58:51,176",21850,24584,0,,,,
"2024-06-04 12:58:51,182",,,,13685,32767,0,0
"2024-06-04 12:58:51,193",21989,24565,0,,,,
"2024-06-04 12:58:51,198",,,,13685,32767,0,0
"2024-06-04 12:58:51,208",21842,24541,0,,,,
"2024-06-04 12:58:51,214",,,,13685,32767,0,0
"2024-06-04 12:58:51,224",21726,24521,0,,,,
"2024-06-04 12:58:51,230",,,,13685,32767,0,0
"2024-06-04 12:58:51,240",21539,24502,0,,,,
"2024-06-04 12:58:51,245",,,,13685,32767,0,0
"2024-06-04 12:58:51,255",21452,24477,0,,,,
"2024-06-04 12:58:51,261",,,,13685,32767,0,0
"2024-06-04 12:58:51,272",21645,24458,0,,,,
"2024-06-04 12:58:51,278",,,,13685,32767,0,0
"2024-06-04 12:58:51,288",21649,24438,0,,,,
"2024-06-04 12:58:51,293",,,,13685,32767,0,0
"2024-06-04 12:58:51,303",21562,24419,0,,,,
"2024-06-04 12:58:51,309",,,,13685,32767,0,0
"2024-06-04 12:58:51,319",21582,24397,0,,,,
"2024-06-04 12:58:51,324",,,,13685,32767,0,0
"2024-06-04 12:58:51,334",21583,24378,0,,,,
"2024-06-04 12:58:51,340",,,,13685,32767,0,0
"2024-06-04 12:58:51,350",21565,24358,0,,,,
"2024-06-04 12:58:51,356",,,,13685,32767,0,0
"2024-06-04 12:58:51,366",21513,24339,0,,,,
"2024-06-04 12:58:51,371",,,,13685,32767,0,0
"2024-06-04 12:58:51,381",21508,24315,0,,,,
"2024-06-04 12:58:51,387",,,,13685,32767,0,0
"2024-06-04 12:58:51,397",21464,24295,0,,,,
"2024-06-04 12:58:51,403",,,,13685,32767,0,0
"2024-06-04 12:58:51,413",21425,24276,0,,,,
"2024-06-04 12:58:51,419",,,,13685,32767,0,0
"2024-06-04 12:58:51,430",21331,24252,0,,,,
"2024-06-04 12:58:51,435",,,,13685,32767,0,0
"2024-06-04 12:58:51,445",21282,24232,0,,,,
"2024-06-04 12:58:51,451",,,,13685,32767,0,0
"2024-06-04 12:58:51,461",21175,24208,0,,,,
"2024-06-04 12:58:51,467",,,,13685,32767,0,0
"2024-06-04 12:58:51,477",21075,24189,0,,,,
"2024-06-04 12:58:51,483",,,,13685,32767,0,0
"2024-06-04 12:58:51,494",21076,24169,0,,,,
"2024-06-04 12:58:51,500",,,,13685,32767,0,0
"2024-06-04 12:58:51,510",21121,24150,0,,,,
"2024-06-04 12:58:51,516",,,,13685,32767,0,0
"2024-06-04 12:58:51,526",21123,24131,0,,,,
"2024-06-04 12:58:51,532",,,,13685,32767,0,0
"2024-06-04 12:58:51,542",21090,24111,0,,,,
"2024-06-04 12:58:51,548",,,,13685,32767,0,0
"2024-06-04 12:58:51,558",20913,24087,0,,,,
"2024-06-04 12:58:51,564",,,,13685,32767,0,0
"2024-06-04 12:58:51,574",20857,24068,0,,,,
"2024-06-04 12:58:51,579",,,,13685,32767,0,0
"2024-06-04 12:58:51,589",20958,24046,0,,,,
"2024-06-04 12:58:51,595",,,,13685,32767,0,0
"2024-06-04 12:58:51,605",20960,24027,0,,,,
"2024-06-04 12:58:51,611",,,,13685,32767,0,0
"2024-06-04 12:58:51,621",20940,24008,0,,,,
"2024-06-04 12:58:51,626",,,,13685,32767,0,0
"2024-06-04 12:58:51,637",20889,23984,0,,,,
"2024-06-04 12:58:51,642",,,,13685,32767,0,0
"2024-06-04 12:58:51,652",20795,23960,0,,,,
"2024-06-04 12:58:51,658",,,,13685,32767,0,0
"2024-06-04 12:58:51,668",20796,23936,0,,,,
"2024-06-04 12:58:51,674",,,,13685,32767,0,0
"2024-06-04 12:58:51,684",20787,23917,0,,,,
"2024-06-04 12:58:51,689",,,,13685,32767,0,0
"2024-06-04 12:58:51,699",20680,23897,0,,,,
"2024-06-04 12:58:51,705",,,,13685,32767,0,0
"2024-06-04 12:58:51,715",20652,23878,0,,,,
"2024-06-04 12:58:51,720",,,,13685,32767,0,0
"2024-06-04 12:58:51,730",20608,23859,0,,,,
"2024-06-04 12:58:51,736",,,,13685,32767,0,0
"2024-06-04 12:58:51,746",20591,23840,0,,,,
"2024-06-04 12:58:51,752",,,,13685,32767,0,0
"2024-06-04 12:58:51,762",20539,23821,0,,,,
"2024-06-04 12:58:51,767",,,,13685,32767,0,0
"2024-06-04 12:58:51,777",20462,23797,0,,,,
"2024-06-04 12:58:51,783",,,,13685,32767,0,0
"2024-06-04 12:58:51,793",20457,23778,0,,,,
"2024-06-04 12:58:51,798",,,,13685,32767,0,0
"2024-06-04 12:58:51,808",20405,23759,0,,,,
"2024-06-04 12:58:51,814",,,,13685,32767,0,0
"2024-06-04 12:58:51,824",20404,23739,0,,,,
"2024-06-04 12:58:51,830",,,,13685,32767,0,0
"2024-06-04 12:58:51,840",20408,23720,0,,,,
"2024-06-04 12:58:51,845",,,,13685,32767,0,0
"2024-06-04 12:58:51,856",20360,23701,0,,,,
"2024-06-04 12:58:51,861",,,,13685,32767,0,0
"2024-06-04 12:58:51,871",20317,23677,0,,,,
"2024-06-04 12:58:51,876",,,,13685,32767,0,0
"2024-06-04 12:58:51,886",20231,23654,0,,,,
"2024-06-04 12:58:51,892",,,,13685,32767,0,0
"2024-06-04 12:58:51,902",20234,23632,0,,,,
"2024-06-04 12:58:51,908",,,,13685,32767,0,0
"2024-06-04 12:58:51,918",20237,23613,0,,,,
"2024-06-04 12:58:51,924",,,,13685,32767,0,0
"2024-06-04 12:58:51,934",20220,23594,0,,,,
"2024-06-04 12:58:51,939",,,,13685,32767,0,0
"2024-06-04 12:58:51,949",20158,23575,0,,,,
"2024-06-04 12:58:51,955",,,,13685,32767,0,0
"2024-06-04 12:58:51,965",20080,23551,0,,,,
"2024-06-04 12:58:51,970",,,,13685,32767,0,0
"2024-06-04 12:58:51,980",20057,23532,0,,,,
"2024-06-04 12:58:51,986",,,,13685,32767,0,0
"2024-06-04 12:58:51,996",20030,23513,0,,,,
"2024-06-04 12:58:52,001",,,,13685,32767,0,0
"2024-06-04 12:58:52,011",20000,23495,0,,,,
"2024-06-04 12:58:52,017",,,,13685,32767,0,0
"2024-06-04 12:58:52,027",19956,23476,0,,,,
"2024-06-04 12:58:52,033",,,,13685,32767,0,0
"2024-06-04 12:58:52,043",19909,23457,0,,,,
"2024-06-04 12:58:52,048",,,,13685,32767,0,0
"2024-06-04 12:58:52,058",19884,23438,0,,,,
"2024-06-04 12:58:52,064",,,,13685,32767,0,0
"2024-06-04 12:58:52,075",19848,23416,0,,,,
"2024-06-04 12:58:52,080",,,,13685,32767,0,0
"2024-06-04 12:58:52,090",19819,23393,0,,,,
"2024-06-04 12:58:52,096",,,,13685,32767,0,0
"2024-06-04 12:58:52,106",19779,23374,0,,,,
"2024-06-04 12:58:52,111",,,,13685,32767,0,0
"2024-06-04 12:58:52,121",19756,23355,0,,,,
"2024-06-04 12:58:52,127",,,,13685,32767,0,0
"2024-06-04 12:58:52,137",19731,23336,0,,,,
"2024-06-04 12:58:52,142",,,,13685,32767,0,0
"2024-06-04 12:58:52,154",19698,23313,0,,,,
"2024-06-04 12:58:52,159",,,,13685,32767,0,0
"2024-06-04 12:58:52,169",19671,23294,0,,,,
"2024-06-04 12:58:52,175",,,,13685,32767,0,0
"2024-06-04 12:58:52,184",19628,23275,0,,,,
"2024-06-04 12:58:52,190",,,,13685,32767,0,0
"2024-06-04 12:58:52,200",19591,23256,0,,,,
"2024-06-04 12:58:52,206",,,,13685,32767,0,0
"2024-06-04 12:58:52,216",19552,23233,0,,,,
"2024-06-04 12:58:52,221",,,,13685,32767,0,0
"2024-06-04 12:58:52,231",19515,23204,0,,,,
"2024-06-04 12:58:52,237",,,,13685,32767,0,0
"2024-06-04 12:58:52,247",19484,23186,0,,,,
"2024-06-04 12:58:52,253",,,,13685,32767,0,0
"2024-06-04 12:58:52,263",19452,23167,0,,,,
"2024-06-04 12:58:52,268",,,,13685,32767,0,0
"2024-06-04 12:58:52,279",19399,23146,0,,,,
"2024-06-04 12:58:52,284",,,,13685,32767,0,0
"2024-06-04 12:58:52,294",19358,23127,0,,,,
"2024-06-04 12:58:52,300",,,,13685,32767,0,0
"2024-06-04 12:58:52,310",19330,23104,0,,,,
"2024-06-04 12:58:52,315",,,,13685,32767,0,0
"2024-06-04 12:58:52,325",19295,23080,0,,,,
"2024-06-04 12:58:52,331",,,,13685,32767,0,0
"2024-06-04 12:58:52,341",19264,23061,0,,,,
"2024-06-04 12:58:52,346",,,,13685,32767,0,0
"2024-06-04 12:58:52,357",19227,23043,0,,,,
"2024-06-04 12:58:52,363",,,,13685,32767,0,0
"2024-06-04 12:58:52,373",19194,23024,0,,,,
"2024-06-04 12:58:52,379",,,,13685,32767,0,0
"2024-06-04 12:58:52,389",19172,23005,0,,,,
"2024-06-04 12:58:52,394",,,,13685,32767,0,0
"2024-06-04 12:58:52,404",19142,22987,0,,,,
"2024-06-04 12:58:52,410",,,,13685,32767,0,0
"2024-06-04 12:58:52,420",19114,22968,0,,,,
"2024-06-04 12:58:52,426",,,,13685,32767,0,0
"2024-06-04 12:58:52,436",19074,22945,0,,,,
"2024-06-04 12:58:52,442",,,,13685,32767,0,0
"2024-06-04 12:58:52,452",19043,22926,0,,,,
"2024-06-04 12:58:52,457",,,,13685,32767,0,0
"2024-06-04 12:58:52,467",19017,22907,0,,,,
"2024-06-04 12:58:52,473",,,,13685,32767,0,0
"2024-06-04 12:58:52,483",18983,22889,0,,,,
"2024-06-04 12:58:52,488",,,,13685,32767,0,0
"2024-06-04 12:58:52,498",18945,22870,0,,,,
"2024-06-04 12:58:52,504",,,,13685,32767,0,0
"2024-06-04 12:58:52,515",18915,22852,0,,,,
"2024-06-04 12:58:52,520",,,,13685,32767,0,0
"2024-06-04 12:58:52,530",18876,22826,0,,,,
"2024-06-04 12:58:52,536",,,,13685,32767,0,0
"2024-06-04 12:58:52,546",18835,22803,0,,,,
"2024-06-04 12:58:52,551",,,,13685,32767,0,0
"2024-06-04 12:58:52,561",18807,22784,0,,,,
"2024-06-04 12:58:52,567",,,,13685,32767,0,0
"2024-06-04 12:58:52,577",18775,22766,0,,,,
"2024-06-04 12:58:52,583",,,,13685,32767,0,0
"2024-06-04 12:58:52,593",18740,22747,0,,,,
"2024-06-04 12:58:52,598",,,,13685,32767,0,0
"2024-06-04 12:58:52,609",18706,22729,0,,,,
"2024-06-04 12:58:52,614",,,,13685,32767,0,0
"2024-06-04 12:58:52,624",18678,22710,0,,,,
"2024-06-04 12:58:52,630",,,,13685,32767,0,0
"2024-06-04 12:58:52,640",18651,22692,0,,,,
"2024-06-04 12:58:52,646",,,,13685,32767,0,0
"2024-06-04 12:58:52,656",18624,22673,0,,,,
"2024-06-04 12:58:52,661",,,,13685,32767,0,0
"2024-06-04 12:58:52,672",18586,22650,0,,,,
"2024-06-04 12:58:52,677",,,,13685,32767,0,0
"2024-06-04 12:58:52,687",18554,22632,0,,,,
"2024-06-04 12:58:52,693",,,,13685,32767,0,0
"2024-06-04 12:58:52,703",18523,22613,0,,,,
"2024-06-04 12:58:52,708",,,,13685,32767,0,0
"2024-06-04 12:58:52,718",18495,22595,0,,,,
"2024-06-04 12:58:52,724",,,,13685,32767,0,0
"2024-06-04 12:58:52,734",18468,22576,0,,,,
"2024-06-04 12:58:52,740",,,,13685,32767,0,0
"2024-06-04 12:58:52,750",18425,22551,0,,,,
"2024-06-04 12:58:52,756",,,,13685,32767,0,0
"2024-06-04 12:58:52,766",18393,22533,0,,,,
"2024-06-04 12:58:52,771",,,,13685,32767,0,0
"2024-06-04 12:58:52,781",18355,22510,0,,,,
"2024-06-04 12:58:52,787",,,,13685,32767,0,0
"2024-06-04 12:58:52,797",18325,22491,0,,,,
"2024-06-04 12:58:52,803",,,,13685,32767,0,0
"2024-06-04 12:58:52,813",18294,22473,0,,,,
"2024-06-04 12:58:52,818",,,,13685,32767,0,0
"2024-06-04 12:58:52,828",18264,22455,0,,,,
"2024-06-04 12:58:52,834",,,,13685,32767,0,0
"2024-06-04 12:58:52,844",18233,22436,0,,,,
"2024-06-04 12:58:52,849",,,,13685,32767,0,0
"2024-06-04 12:58:52,859",18204,22418,0,,,,
"2024-06-04 12:58:52,865",,,,13685,32767,0,0
"2024-06-04 12:58:52,875",18176,22400,0,,,,
"2024-06-04 12:58:52,881",,,,13685,32767,0,0
"2024-06-04 12:58:52,891",18138,22377,0,,,,
"2024-06-04 12:58:52,896",,,,13685,32767,0,0
"2024-06-04 12:58:52,906",18107,22358,0,,,,
"2024-06-04 12:58:52,912",,,,13685,32767,0,0
"2024-06-04 12:58:52,922",18078,22340,0,,,,
"2024-06-04 12:58:52,927",,,,13685,32767,0,0
"2024-06-04 12:58:52,938",18049,22322,0,,,,
"2024-06-04 12:58:52,944",,,,13685,32767,0,0
"2024-06-04 12:58:52,957",18020,22304,0,,,,
"2024-06-04 12:58:52,963",,,,13685,32767,0,0
"2024-06-04 12:58:52,973",17978,22276,0,,,,
"2024-06-04 12:58:52,979",,,,13685,32767,0,0
"2024-06-04 12:58:52,989",17949,22258,0,,,,
"2024-06-04 12:58:52,994",,,,13685,32767,0,0
"2024-06-04 12:58:53,004",17918,22240,0,,,,
"2024-06-04 12:58:53,010",,,,13685,32767,0,0
"2024-06-04 12:58:53,020",17888,22222,0,,,,
"2024-06-04 12:58:53,025",,,,13685,32767,0,0
"2024-06-04 12:58:53,036",17848,22197,0,,,,
"2024-06-04 12:58:53,041",,,,13685,32767,0,0
"2024-06-04 12:58:53,051",17819,22178,0,,,,
"2024-06-04 12:58:53,057",,,,13685,32767,0,0
"2024-06-04 12:58:53,067",17791,22160,0,,,,
"2024-06-04 12:58:53,073",,,,13685,32767,0,0
"2024-06-04 12:58:53,083",17760,22142,0,,,,
"2024-06-04 12:58:53,088",,,,13685,32767,0,0
"2024-06-04 12:58:53,099",17730,22124,0,,,,
"2024-06-04 12:58:53,113",,,,13685,32767,0,0
"2024-06-04 12:58:53,135",17701,22106,0,,,,
"2024-06-04 12:58:53,143",,,,13685,32767,0,0
"2024-06-04 12:58:53,158",17673,22088,0,,,,
"2024-06-04 12:58:53,165",,,,13685,32767,0,0
"2024-06-04 12:58:53,178",17644,22070,0,,,,
"2024-06-04 12:58:53,184",,,,13685,32767,0,0
"2024-06-04 12:58:53,196",17607,22047,0,,,,
"2024-06-04 12:58:53,202",,,,13685,32767,0,0
"2024-06-04 12:58:53,215",17579,22029,0,,,,
"2024-06-04 12:58:53,221",,,,13685,32767,0,0
"2024-06-04 12:58:53,232",17543,22006,0,,,,
"2024-06-04 12:58:53,237",,,,13685,32767,0,0
"2024-06-04 12:58:53,248",17515,21988,0,,,,
"2024-06-04 12:58:53,253",,,,13685,32767,0,0
"2024-06-04 12:58:53,264",17485,21970,0,,,,
"2024-06-04 12:58:53,269",,,,13685,32767,0,0
"2024-06-04 12:58:53,280",17457,21952,0,,,,
"2024-06-04 12:58:53,286",,,,13685,32767,0,0
"2024-06-04 12:58:53,297",17428,21934,0,,,,
"2024-06-04 12:58:53,302",,,,13685,32767,0,0
"2024-06-04 12:58:53,312",17393,21912,0,,,,
"2024-06-04 12:58:53,318",,,,13685,32767,0,0
"2024-06-04 12:58:53,328",17365,21894,0,,,,
"2024-06-04 12:58:53,334",,,,13685,32767,0,0
"2024-06-04 12:58:53,344",17336,21876,0,,,,
"2024-06-04 12:58:53,350",,,,13685,32767,0,0
"2024-06-04 12:58:53,360",17307,21858,0,,,,
"2024-06-04 12:58:53,366",,,,13685,32767,0,0
"2024-06-04 12:58:53,376",17279,21840,0,,,,
"2024-06-04 12:58:53,382",,,,13685,32767,0,0
"2024-06-04 12:58:53,392",17250,21822,0,,,,
"2024-06-04 12:58:53,397",,,,13685,32767,0,0
"2024-06-04 12:58:53,407",17214,21799,0,,,,
"2024-06-04 12:58:53,413",,,,13685,32767,0,0
"2024-06-04 12:58:53,423",17186,21782,0,,,,
"2024-06-04 12:58:53,429",,,,13685,32767,0,0
"2024-06-04 12:58:53,439",17155,21761,0,,,,
"2024-06-04 12:58:53,444",,,,13685,32767,0,0
"2024-06-04 12:58:53,454",17119,21739,0,,,,
"2024-06-04 12:58:53,460",,,,13685,32767,0,0
"2024-06-04 12:58:53,470",17091,21721,0,,,,
"2024-06-04 12:58:53,476",,,,13685,32767,0,0
"2024-06-04 12:58:53,486",17056,21699,0,,,,
"2024-06-04 12:58:53,491",,,,13685,32767,0,0
"2024-06-04 12:58:53,501",17028,21681,0,,,,
"2024-06-04 12:58:53,507",,,,13685,32767,0,0
"2024-06-04 12:58:53,519",17000,21663,0,,,,
"2024-06-04 12:58:53,525",,,,13685,32767,0,0
"2024-06-04 12:58:53,536",16972,21645,0,,,,
"2024-06-04 12:58:53,542",,,,13685,32767,0,0
"2024-06-04 12:58:53,552",16937,21623,0,,,,
"2024-06-04 12:58:53,558",,,,13685,32767,0,0
"2024-06-04 12:58:53,568",16910,21605,0,,,,
"2024-06-04 12:58:53,574",,,,13685,32767,0,0
"2024-06-04 12:58:53,584",16882,21587,0,,,,
"2024-06-04 12:58:53,590",,,,13685,32767,0,0
"2024-06-04 12:58:53,600",16854,21570,0,,,,
"2024-06-04 12:58:53,606",,,,13685,32767,0,0
"2024-06-04 12:58:53,616",16826,21552,0,,,,
"2024-06-04 12:58:53,622",,,,13685,32767,0,0
"2024-06-04 12:58:53,632",16798,21534,0,,,,
"2024-06-04 12:58:53,638",,,,13685,32767,0,0
"2024-06-04 12:58:53,648",16771,21516,0,,,,
"2024-06-04 12:58:53,654",,,,13685,32767,0,0
"2024-06-04 12:58:53,664",16743,21499,0,,,,
"2024-06-04 12:58:53,669",,,,13685,32767,0,0
"2024-06-04 12:58:53,680",16702,21472,0,,,,
"2024-06-04 12:58:53,685",,,,13685,32767,0,0
"2024-06-04 12:58:53,697",16674,21454,0,,,,
"2024-06-04 12:58:53,703",,,,13685,32767,0,0
"2024-06-04 12:58:53,713",16639,21432,0,,,,
"2024-06-04 12:58:53,719",,,,13685,32767,0,0
"2024-06-04 12:58:53,730",16612,21414,0,,,,
"2024-06-04 12:58:53,735",,,,13685,32767,0,0
"2024-06-04 12:58:53,746",16585,21397,0,,,,
"2024-06-04 12:58:53,751",,,,13685,0,0,0
"2024-06-04 12:58:53,761",16554,21377,0,,,,
"2024-06-04 12:58:53,767",,,,13685,0,0,0
"2024-06-04 12:58:53,777",16527,17124,0,,,,
"2024-06-04 12:58:53,783",,,,13685,0,0,0
"2024-06-04 12:58:53,793",16499,9215,0,,,,
"2024-06-04 12:58:53,799",,,,13685,0,0,0
"2024-06-04 12:58:53,809",16472,4335,0,,,,
"2024-06-04 12:58:53,814",,,,13685,0,0,0
"2024-06-04 12:58:53,824",16438,1524,0,,,,
"2024-06-04 12:58:53,830",,,,13685,0,0,0
"2024-06-04 12:58:53,840",16411,628,0,,,,
"2024-06-04 12:58:53,846",,,,13685,0,0,0
"2024-06-04 12:58:53,856",16384,249,0,,,,
"2024-06-04 12:58:53,862",,,,13685,0,0,0
"2024-06-04 12:58:53,872",16359,99,0,,,,
"2024-06-04 12:58:53,877",,,,13685,0,0,0
"2024-06-04 12:58:53,888",16360,30,0,,,,
"2024-06-04 12:58:53,893",,,,13685,0,0,0
"2024-06-04 12:58:53,904",16517,0,0,,,,
"2024-06-04 12:58:53,909",,,,13685,0,0,0
"2024-06-04 12:58:53,919",16759,0,0,,,,
"2024-06-04 12:58:53,925",,,,13685,0,0,0
"2024-06-04 12:58:53,935",16836,0,0,,,,
"2024-06-04 12:58:53,941",,,,13685,0,0,0
"2024-06-04 12:58:53,951",16622,0,0,,,,
"2024-06-04 12:58:53,957",,,,13685,0,0,0
"2024-06-04 12:58:53,967",16618,0,0,,,,
"2024-06-04 12:58:53,972",,,,13685,0,0,0
"2024-06-04 12:58:53,982",16737,0,0,,,,
"2024-06-04 12:58:53,988",,,,13685,0,0,0
"2024-06-04 12:58:53,998",16832,0,0,,,,
"2024-06-04 12:58:54,003",,,,13685,0,0,0
"2024-06-04 12:58:54,014",17001,0,0,,,,
"2024-06-04 12:58:54,019",,,,13685,0,0,0
"2024-06-04 12:58:54,029",17018,0,0,,,,
"2024-06-04 12:58:54,035",,,,13685,0,0,0
"2024-06-04 12:58:54,045",16816,0,0,,,,
"2024-06-04 12:58:54,050",,,,13685,0,0,0
"2024-06-04 12:58:54,060",16861,0,0,,,,
"2024-06-04 12:58:54,066",,,,13685,0,0,0
"2024-06-04 12:58:54,076",16901,0,0,,,,
"2024-06-04 12:58:54,082",,,,13685,0,0,0
"2024-06-04 12:58:54,092",16873,0,0,,,,
"2024-06-04 12:58:54,097",,,,13685,0,0,0
"2024-06-04 12:58:54,107",16870,0,0,,,,
"2024-06-04 12:58:54,113",,,,13685,0,0,0
"2024-06-04 12:58:54,123",16909,0,0,,,,
"2024-06-04 12:58:54,129",,,,13685,0,0,0
"2024-06-04 12:58:54,139",16916,0,0,,,,
"2024-06-04 12:58:54,144",,,,13685,0,0,0
"2024-06-04 12:58:54,154",16923,0,0,,,,
"2024-06-04 12:58:54,160",,,,13685,0,0,0
"2024-06-04 12:58:54,170",16960,0,0,,,,
"2024-06-04 12:58:54,175",,,,13685,0,0,0
"2024-06-04 12:58:54,185",17007,0,0,,,,
"2024-06-04 12:58:54,191",,,,13685,0,0,0
"2024-06-04 12:58:54,201",17068,0,0,,,,
"2024-06-04 12:58:54,206",,,,13685,0,0,0
"2024-06-04 12:58:54,216",17095,0,0,,,,
"2024-06-04 12:58:54,222",,,,13685,0,0,0
"2024-06-04 12:58:54,232",17190,0,0,,,,
"2024-06-04 12:58:54,237",,,,13685,0,0,0
"2024-06-04 12:58:54,247",17246,0,0,,,,
"2024-06-04 12:58:54,253",,,,13685,0,0,0
"2024-06-04 12:58:54,263",17208,0,0,,,,
"2024-06-04 12:58:54,268",,,,13685,0,0,0
"2024-06-04 12:58:54,278",17176,0,0,,,,
"2024-06-04 12:58:54,284",,,,13685,0,0,0
"2024-06-04 12:58:54,294",17187,0,0,,,,
"2024-06-04 12:58:54,299",,,,13685,0,0,0
"2024-06-04 12:58:54,310",17274,0,0,,,,
"2024-06-04 12:58:54,315",,,,13685,0,0,0
"2024-06-04 12:58:54,326",17397,0,0,,,,
"2024-06-04 12:58:54,331",,,,13685,0,0,0
"2024-06-04 12:58:54,341",17314,0,0,,,,
"2024-06-04 12:58:54,347",,,,13685,0,0,0
"2024-06-04 12:58:54,357",17284,0,0,,,,
"2024-06-04 12:58:54,362",,,,13685,0,0,0
"2024-06-04 12:58:54,373",17293,0,0,,,,
"2024-06-04 12:58:54,378",,,,13685,0,0,0
"2024-06-04 12:58:54,388",17326,0,0,,,,
"2024-06-04 12:58:54,393",,,,13685,0,0,0
"2024-06-04 12:58:54,404",17370,0,0,,,,
"2024-06-04 12:58:54,410",,,,13685,0,0,0
"2024-06-04 12:58:54,420",17423,0,0,,,,
"2024-06-04 12:58:54,426",,,,13685,0,0,0
"2024-06-04 12:58:54,435",17376,0,0,,,,
"2024-06-04 12:58:54,441",,,,13685,0,0,0
"2024-06-04 12:58:54,456",17447,0,0,,,,
"2024-06-04 12:58:54,465",,,,13685,0,0,0
"2024-06-04 12:58:54,475",17498,0,0,,,,
"2024-06-04 12:58:54,481",,,,13685,0,0,0
"2024-06-04 12:58:54,491",17531,0,0,,,,
"2024-06-04 12:58:54,496",,,,13685,0,0,0
"2024-06-04 12:58:54,506",17542,0,0,,,,
"2024-06-04 12:58:54,512",,,,13685,0,0,0
"2024-06-04 12:58:54,522",17565,0,0,,,,
"2024-06-04 12:58:54,528",,,,13685,0,0,0
"2024-06-04 12:58:54,538",17631,0,0,,,,
"2024-06-04 12:58:54,544",,,,13685,0,0,0
"2024-06-04 12:58:54,554",17636,0,0,,,,
"2024-06-04 12:58:54,560",,,,13685,0,0,0
"2024-06-04 12:58:54,570",17668,0,0,,,,
"2024-06-04 12:58:54,576",,,,13685,0,0,0
"2024-06-04 12:58:54,586",17679,0,0,,,,
"2024-06-04 12:58:54,591",,,,13685,0,0,0
"2024-06-04 12:58:54,601",17658,0,0,,,,
"2024-06-04 12:58:54,607",,,,13685,0,0,0
"2024-06-04 12:58:54,617",17696,0,0,,,,
"2024-06-04 12:58:54,622",,,,13685,0,0,0
"2024-06-04 12:58:54,634",17723,0,0,,,,
"2024-06-04 12:58:54,639",,,,13685,0,0,0
"2024-06-04 12:58:54,649",17783,0,0,,,,
"2024-06-04 12:58:54,655",,,,13685,0,0,0
"2024-06-04 12:58:54,665",17796,0,0,,,,
"2024-06-04 12:58:54,670",,,,13685,0,0,0
"2024-06-04 12:58:54,681",17779,0,0,,,,
"2024-06-04 12:58:54,686",,,,13685,0,0,0
"2024-06-04 12:58:54,696",17780,0,0,,,,
"2024-06-04 12:58:54,702",,,,13685,0,0,0
"2024-06-04 12:58:54,712",17808,0,0,,,,
"2024-06-04 12:58:54,717",,,,13685,0,0,0
"2024-06-04 12:58:54,727",17880,0,0,,,,
"2024-06-04 12:58:54,733",,,,13685,0,0,0
"2024-06-04 12:58:54,743",17905,0,0,,,,
"2024-06-04 12:58:54,749",,,,13685,0,0,0
"2024-06-04 12:58:54,759",17918,0,0,,,,
"2024-06-04 12:58:54,765",,,,13685,0,0,0
"2024-06-04 12:58:54,775",17939,0,0,,,,
"2024-06-04 12:58:54,781",,,,13685,0,0,0
"2024-06-04 12:58:54,791",17972,0,0,,,,
"2024-06-04 12:58:54,797",,,,13685,0,0,0
"2024-06-04 12:58:54,807",18011,0,0,,,,
"2024-06-04 12:58:54,813",,,,13685,0,0,0
"2024-06-04 12:58:54,823",18033,0,0,,,,
"2024-06-04 12:58:54,829",,,,13685,0,0,0
"2024-06-04 12:58:54,838",18056,0,0,,,,
"2024-06-04 12:58:54,844",,,,13685,0,0,0
"2024-06-04 12:58:54,854",18070,0,0,,,,
"2024-06-04 12:58:54,860",,,,13685,0,0,0
"2024-06-04 12:58:54,870",18095,0,0,,,,
"2024-06-04 12:58:54,876",,,,13685,0,0,0
"2024-06-04 12:58:54,886",18117,0,0,,,,
"2024-06-04 12:58:54,892",,,,13685,0,0,0
"2024-06-04 12:58:54,902",18138,0,0,,,,
"2024-06-04 12:58:54,908",,,,13685,0,0,0
"2024-06-04 12:58:54,918",18157,0,0,,,,
"2024-06-04 12:58:54,934",,,,13685,0,0,0
"2024-06-04 12:58:54,944",18171,0,0,,,,
"2024-06-04 12:58:54,950",,,,13685,0,0,0
"2024-06-04 12:58:54,960",18203,0,0,,,,
"2024-06-04 12:58:54,966",,,,13685,0,0,0
"2024-06-04 12:58:54,977",18232,0,0,,,,
"2024-06-04 12:58:54,983",,,,13685,0,0,0
"2024-06-04 12:58:54,994",18260,0,0,,,,
"2024-06-04 12:58:54,999",,,,13685,0,0,0
"2024-06-04 12:58:55,009",18277,0,0,,,,
"2024-06-04 12:58:55,015",,,,13685,0,0,0
"2024-06-04 12:58:55,025",18306,0,0,,,,
"2024-06-04 12:58:55,032",,,,13685,0,0,0
"2024-06-04 12:58:55,042",18328,0,0,,,,
"2024-06-04 12:58:55,048",,,,13685,0,0,0
"2024-06-04 12:58:55,058",18360,0,0,,,,
"2024-06-04 12:58:55,063",,,,13685,0,0,0
"2024-06-04 12:58:55,074",18397,0,0,,,,
"2024-06-04 12:58:55,079",,,,13685,0,0,0
"2024-06-04 12:58:55,090",18416,0,0,,,,
"2024-06-04 12:58:55,095",,,,13685,0,0,0
"2024-06-04 12:58:55,105",18431,0,0,,,,
"2024-06-04 12:58:55,111",,,,13685,0,0,0
"2024-06-04 12:58:55,121",18457,0,0,,,,
"2024-06-04 12:58:55,126",,,,13685,0,0,0
"2024-06-04 12:58:55,136",18480,0,0,,,,
"2024-06-04 12:58:55,142",,,,13685,0,0,0
"2024-06-04 12:58:55,152",18509,0,0,,,,
"2024-06-04 12:58:55,161",,,,13685,0,0,0
"2024-06-04 12:58:55,171",18528,0,0,,,,
"2024-06-04 12:58:55,177",,,,13685,0,0,0
"2024-06-04 12:58:55,187",18549,0,0,,,,
"2024-06-04 12:58:55,192",,,,13685,0,0,0
"2024-06-04 12:58:55,202",18571,0,0,,,,
"2024-06-04 12:58:55,208",,,,13685,0,0,0
"2024-06-04 12:58:55,218",18591,0,0,,,,
"2024-06-04 12:58:55,224",,,,13685,0,0,0
"2024-06-04 12:58:55,234",18617,0,0,,,,
"2024-06-04 12:58:55,240",,,,13685,0,0,0
"2024-06-04 12:58:55,250",18641,0,0,,,,
"2024-06-04 12:58:55,256",,,,13685,0,0,0
"2024-06-04 12:58:55,266",18663,0,0,,,,
"2024-06-04 12:58:55,272",,,,13685,0,0,0
"2024-06-04 12:58:55,282",18699,0,0,,,,
"2024-06-04 12:58:55,287",,,,13685,0,0,0
"2024-06-04 12:58:55,297",18722,0,0,,,,
"2024-06-04 12:58:55,303",,,,13685,0,0,0
"2024-06-04 12:58:55,313",18743,0,0,,,,
"2024-06-04 12:58:55,319",,,,13685,0,0,0
"2024-06-04 12:58:55,329",18765,0,0,,,,
"2024-06-04 12:58:55,334",,,,13685,0,0,0
"2024-06-04 12:58:55,345",18790,0,0,,,,
"2024-06-04 12:58:55,350",,,,13685,0,0,0
"2024-06-04 12:58:55,361",18811,0,0,,,,
"2024-06-04 12:58:55,366",,,,13685,0,0,0
"2024-06-04 12:58:55,377",18836,0,0,,,,
"2024-06-04 12:58:55,383",,,,13685,0,0,0
"2024-06-04 12:58:55,393",18869,0,0,,,,
"2024-06-04 12:58:55,399",,,,13685,0,0,0
"2024-06-04 12:58:55,409",18891,0,0,,,,
"2024-06-04 12:58:55,414",,,,13685,0,0,0
"2024-06-04 12:58:55,424",18911,0,0,,,,
"2024-06-04 12:58:55,430",,,,13685,0,0,0
"2024-06-04 12:58:55,440",18930,0,0,,,,
"2024-06-04 12:58:55,446",,,,13685,0,0,0
"2024-06-04 12:58:55,456",18951,0,0,,,,
"2024-06-04 12:58:55,462",,,,13685,0,0,0
"2024-06-04 12:58:55,472",18981,0,0,,,,
"2024-06-04 12:58:55,477",,,,13685,0,0,0
"2024-06-04 12:58:55,488",19004,0,0,,,,
"2024-06-04 12:58:55,493",,,,13685,0,0,0
"2024-06-04 12:58:55,504",19031,0,0,,,,
"2024-06-04 12:58:55,509",,,,13685,0,0,0
"2024-06-04 12:58:55,520",19051,0,0,,,,
"2024-06-04 12:58:55,525",,,,13685,0,0,0
"2024-06-04 12:58:55,537",19074,0,0,,,,
"2024-06-04 12:58:55,542",,,,13685,0,0,0
"2024-06-04 12:58:55,553",19098,0,0,,,,
"2024-06-04 12:58:55,559",,,,13685,0,0,0
"2024-06-04 12:58:55,570",19121,0,0,,,,
"2024-06-04 12:58:55,576",,,,13685,0,0,0
"2024-06-04 12:58:55,586",19143,0,0,,,,
"2024-06-04 12:58:55,592",,,,13685,0,0,0
"2024-06-04 12:58:55,602",19173,0,0,,,,
"2024-06-04 12:58:55,609",,,,13685,0,0,0
"2024-06-04 12:58:55,623",19195,0,0,,,,
"2024-06-04 12:58:55,629",,,,13685,0,0,0
"2024-06-04 12:58:55,638",19218,0,0,,,,
"2024-06-04 12:58:55,644",,,,13685,0,0,0
"2024-06-04 12:58:55,654",19241,0,0,,,,
"2024-06-04 12:58:55,660",,,,13685,0,0,0
"2024-06-04 12:58:55,670",19262,0,0,,,,
"2024-06-04 12:58:55,676",,,,13685,0,0,0
"2024-06-04 12:58:55,686",19284,0,0,,,,
"2024-06-04 12:58:55,692",,,,13685,0,0,0
"2024-06-04 12:58:55,702",19323,0,0,,,,
"2024-06-04 12:58:55,708",,,,13685,0,0,0
"2024-06-04 12:58:55,718",19345,0,0,,,,
"2024-06-04 12:58:55,724",,,,13685,0,0,0
"2024-06-04 12:58:55,734",19373,0,0,,,,
"2024-06-04 12:58:55,740",,,,13685,0,0,0
"2024-06-04 12:58:55,750",19395,0,0,,,,
"2024-06-04 12:58:55,755",,,,13685,0,0,0
"2024-06-04 12:58:55,767",19416,0,0,,,,
"2024-06-04 12:58:55,772",,,,13685,0,0,0
"2024-06-04 12:58:55,782",19437,0,0,,,,
"2024-06-04 12:58:55,788",,,,13685,0,0,0
"2024-06-04 12:58:55,798",19460,0,0,,,,
"2024-06-04 12:58:55,803",,,,13685,0,0,0
"2024-06-04 12:58:55,814",19490,0,0,,,,
"2024-06-04 12:58:55,819",,,,13685,0,0,0
"2024-06-04 12:58:55,829",19512,0,0,,,,
"2024-06-04 12:58:55,835",,,,13685,0,0,0
"2024-06-04 12:58:55,845",19534,0,0,,,,
"2024-06-04 12:58:55,851",,,,13685,0,0,0
"2024-06-04 12:58:55,861",19556,0,0,,,,
"2024-06-04 12:58:55,867",,,,13685,0,0,0
"2024-06-04 12:58:55,877",19579,0,0,,,,
"2024-06-04 12:58:55,883",,,,13685,0,0,0
"2024-06-04 12:58:55,893",19609,0,0,,,,
"2024-06-04 12:58:55,899",,,,13685,0,0,0
"2024-06-04 12:58:55,910",19631,0,0,,,,
"2024-06-04 12:58:55,917",,,,13685,0,0,0
"2024-06-04 12:58:55,929",19661,0,0,,,,
"2024-06-04 12:58:55,939",,,,13685,0,0,0
"2024-06-04 12:58:55,968",19684,0,0,,,,
"2024-06-04 12:58:55,974",,,,13685,0,0,0
"2024-06-04 12:58:55,985",19707,0,0,,,,
"2024-06-04 12:58:55,991",,,,13685,0,0,0
"2024-06-04 12:58:56,003",19729,0,0,,,,
"2024-06-04 12:58:56,010",,,,13685,0,0,0
"2024-06-04 12:58:56,021",19757,0,0,,,,
"2024-06-04 12:58:56,027",,,,13685,0,0,0
"2024-06-04 12:58:56,038",19779,0,0,,,,
"2024-06-04 12:58:56,044",,,,13685,0,0,0
"2024-06-04 12:58:56,055",19802,0,0,,,,
"2024-06-04 12:58:56,061",,,,13685,0,0,0
"2024-06-04 12:58:56,071",19824,0,0,,,,
"2024-06-04 12:58:56,077",,,,13685,0,0,0
"2024-06-04 12:58:56,088",19847,0,0,,,,
"2024-06-04 12:58:56,094",,,,13685,0,0,0
"2024-06-04 12:58:56,105",19874,0,0,,,,
"2024-06-04 12:58:56,112",,,,13685,0,0,0
"2024-06-04 12:58:56,125",19896,0,0,,,,
"2024-06-04 12:58:56,131",,,,13685,0,0,0
"2024-06-04 12:58:56,154",19919,0,0,,,,
"2024-06-04 12:58:56,162",,,,13685,0,0,0
"2024-06-04 12:58:56,173",19942,0,0,,,,
"2024-06-04 12:58:56,179",,,,13685,0,0,0
"2024-06-04 12:58:56,190",19964,0,0,,,,
"2024-06-04 12:58:56,196",,,,13685,0,0,0
"2024-06-04 12:58:56,208",19993,0,0,,,,
"2024-06-04 12:58:56,214",,,,13685,0,0,0
"2024-06-04 12:58:56,225",20015,0,0,,,,
"2024-06-04 12:58:56,231",,,,13685,0,0,0
"2024-06-04 12:58:56,241",20038,0,0,,,,
"2024-06-04 12:58:56,247",,,,13685,0,0,0
"2024-06-04 12:58:56,258",20060,0,0,,,,
"2024-06-04 12:58:56,264",,,,13685,0,0,0
"2024-06-04 12:58:56,274",20089,0,0,,,,
"2024-06-04 12:58:56,280",,,,13685,0,0,0
"2024-06-04 12:58:56,290",20114,0,0,,,,
"2024-06-04 12:58:56,296",,,,13685,0,0,0
"2024-06-04 12:58:56,306",20136,0,0,,,,
"2024-06-04 12:58:56,312",,,,13685,0,0,0
"2024-06-04 12:58:56,322",20158,0,0,,,,
"2024-06-04 12:58:56,328",,,,13685,0,0,0
"2024-06-04 12:58:56,339",20181,0,0,,,,
"2024-06-04 12:58:56,344",,,,13685,0,0,0
"2024-06-04 12:58:56,355",20203,0,0,,,,
"2024-06-04 12:58:56,360",,,,13685,0,0,0
"2024-06-04 12:58:56,370",20226,0,0,,,,
"2024-06-04 12:58:56,376",,,,13685,0,0,0
"2024-06-04 12:58:56,386",20248,0,0,,,,
"2024-06-04 12:58:56,392",,,,13685,0,0,0
"2024-06-04 12:58:56,402",20276,0,0,,,,
"2024-06-04 12:58:56,408",,,,13685,0,0,0
"2024-06-04 12:58:56,418",20299,0,0,,,,
"2024-06-04 12:58:56,424",,,,13685,0,0,0
"2024-06-04 12:58:56,434",20327,0,0,,,,
"2024-06-04 12:58:56,440",,,,13685,0,0,0
"2024-06-04 12:58:56,450",20355,0,0,,,,
"2024-06-04 12:58:56,456",,,,13685,0,0,0
"2024-06-04 12:58:56,467",20377,0,0,,,,
"2024-06-04 12:58:56,473",,,,13685,0,0,0
"2024-06-04 12:58:56,483",20400,0,0,,,,
"2024-06-04 12:58:56,488",,,,13685,0,0,0
"2024-06-04 12:58:56,499",20422,0,0,,,,
"2024-06-04 12:58:56,505",,,,13685,0,0,0
"2024-06-04 12:58:56,515",20445,0,0,,,,
"2024-06-04 12:58:56,521",,,,13685,0,0,0
"2024-06-04 12:58:56,532",20468,0,0,,,,
"2024-06-04 12:58:56,537",,,,13685,0,0,0
"2024-06-04 12:58:56,547",20493,0,0,,,,
"2024-06-04 12:58:56,553",,,,13685,0,0,0
"2024-06-04 12:58:56,563",20515,0,0,,,,
"2024-06-04 12:58:56,569",,,,13685,0,0,0
"2024-06-04 12:58:56,579",20538,0,0,,,,
"2024-06-04 12:58:56,588",,,,13685,0,0,0
"2024-06-04 12:58:56,599",20560,0,0,,,,
"2024-06-04 12:58:56,605",,,,13685,0,0,0
"2024-06-04 12:58:56,615",20588,0,0,,,,
"2024-06-04 12:58:56,621",,,,13685,0,0,0
"2024-06-04 12:58:56,631",20611,0,0,,,,
"2024-06-04 12:58:56,637",,,,13685,0,0,0
"2024-06-04 12:58:56,648",20633,0,0,,,,
"2024-06-04 12:58:56,654",,,,13685,0,0,0
"2024-06-04 12:58:56,664",20661,0,0,,,,
"2024-06-04 12:58:56,670",,,,13685,0,0,0
"2024-06-04 12:58:56,680",20684,0,0,,,,
"2024-06-04 12:58:56,686",,,,13685,0,0,0
"2024-06-04 12:58:56,696",20706,0,0,,,,
"2024-06-04 12:58:56,702",,,,13685,0,0,0
"2024-06-04 12:58:56,712",20729,0,0,,,,
"2024-06-04 12:58:56,718",,,,13685,0,0,0
"2024-06-04 12:58:56,729",20757,0,0,,,,
"2024-06-04 12:58:56,734",,,,13685,0,0,0
"2024-06-04 12:58:56,745",20779,0,0,,,,
"2024-06-04 12:58:56,751",,,,13685,0,0,0
"2024-06-04 12:58:56,761",20802,0,0,,,,
"2024-06-04 12:58:56,767",,,,13685,0,0,0
"2024-06-04 12:58:56,777",20824,0,0,,,,
"2024-06-04 12:58:56,783",,,,13685,0,0,0
"2024-06-04 12:58:56,793",20847,0,0,,,,
"2024-06-04 12:58:56,799",,,,13685,0,0,0
"2024-06-04 12:58:56,809",20880,0,0,,,,
"2024-06-04 12:58:56,814",,,,13685,0,0,0
"2024-06-04 12:58:56,825",20903,0,0,,,,
"2024-06-04 12:58:56,830",,,,13685,0,0,0
"2024-06-04 12:58:56,840",20925,0,0,,,,
"2024-06-04 12:58:56,846",,,,13685,0,0,0
"2024-06-04 12:58:56,856",20953,0,0,,,,
"2024-06-04 12:58:56,862",,,,13685,0,0,0
"2024-06-04 12:58:56,872",20976,0,0,,,,
"2024-06-04 12:58:56,878",,,,13685,0,0,0
"2024-06-04 12:58:56,888",21007,0,0,,,,
"2024-06-04 12:58:56,893",,,,13685,0,0,0
"2024-06-04 12:58:56,907",21029,0,0,,,,
"2024-06-04 12:58:56,917",,,,13685,0,0,0
"2024-06-04 12:58:56,930",21052,0,0,,,,
"2024-06-04 12:58:56,936",,,,13685,0,0,0
"2024-06-04 12:58:56,947",21080,0,0,,,,
"2024-06-04 12:58:56,953",,,,13685,0,0,0
"2024-06-04 12:58:56,965",21102,0,0,,,,
"2024-06-04 12:58:56,970",,,,13685,0,0,0
"2024-06-04 12:58:56,980",21125,0,0,,,,
"2024-06-04 12:58:56,986",,,,13685,0,0,0
"2024-06-04 12:58:56,996",21147,0,0,,,,
"2024-06-04 12:58:57,002",,,,13685,0,0,0
"2024-06-04 12:58:57,013",21170,0,0,,,,
"2024-06-04 12:58:57,019",,,,13685,0,0,0
"2024-06-04 12:58:57,030",21192,0,0,,,,
"2024-06-04 12:58:57,036",,,,13685,0,0,0
"2024-06-04 12:58:57,046",21215,0,0,,,,
"2024-06-04 12:58:57,052",,,,13685,0,0,0
"2024-06-04 12:58:57,063",21243,0,0,,,,
"2024-06-04 12:58:57,069",,,,13685,0,0,0
"2024-06-04 12:58:57,079",21265,0,0,,,,
"2024-06-04 12:58:57,085",,,,13685,0,0,0
"2024-06-04 12:58:57,095",21288,0,0,,,,
"2024-06-04 12:58:57,100",,,,13685,0,0,0
"2024-06-04 12:58:57,111",21310,0,0,,,,
"2024-06-04 12:58:57,117",,,,13685,0,0,0
"2024-06-04 12:58:57,127",21344,0,0,,,,
"2024-06-04 12:58:57,133",,,,13685,0,0,0
"2024-06-04 12:58:57,143",21366,0,0,,,,
"2024-06-04 12:58:57,149",,,,13685,0,0,0
"2024-06-04 12:58:57,159",21389,0,0,,,,
"2024-06-04 12:58:57,165",,,,13685,0,0,0
"2024-06-04 12:58:57,175",21417,0,0,,,,
"2024-06-04 12:58:57,181",,,,13685,0,0,0
"2024-06-04 12:58:57,191",21439,0,0,,,,
"2024-06-04 12:58:57,196",,,,13685,0,0,0
"2024-06-04 12:58:57,207",21462,0,0,,,,
"2024-06-04 12:58:57,212",,,,13685,0,0,0
"2024-06-04 12:58:57,223",21484,0,0,,,,
"2024-06-04 12:58:57,228",,,,13685,0,0,0
"2024-06-04 12:58:57,239",21507,0,0,,,,
"2024-06-04 12:58:57,244",,,,13685,0,0,0
"2024-06-04 12:58:57,254",21535,0,0,,,,
"2024-06-04 12:58:57,260",,,,13685,0,0,0
"2024-06-04 12:58:57,271",21557,0,0,,,,
"2024-06-04 12:58:57,276",,,,13685,0,0,0
"2024-06-04 12:58:57,287",21580,0,0,,,,
"2024-06-04 12:58:57,292",,,,13685,0,0,0
"2024-06-04 12:58:57,302",21602,0,0,,,,
"2024-06-04 12:58:57,308",,,,13685,0,0,0
"2024-06-04 12:58:57,318",21630,0,0,,,,
"2024-06-04 12:58:57,324",,,,13685,0,0,0
"2024-06-04 12:58:57,334",21653,0,0,,,,
"2024-06-04 12:58:57,340",,,,13685,0,0,0
"2024-06-04 12:58:57,350",21681,0,0,,,,
"2024-06-04 12:58:57,355",,,,13685,0,0,0
"2024-06-04 12:58:57,365",21706,0,0,,,,
"2024-06-04 12:58:57,371",,,,13685,0,0,0
"2024-06-04 12:58:57,381",21729,0,0,,,,
"2024-06-04 12:58:57,387",,,,13685,0,0,0
"2024-06-04 12:58:57,397",21751,0,0,,,,
"2024-06-04 12:58:57,402",,,,13685,0,0,0
"2024-06-04 12:58:57,413",21774,0,0,,,,
"2024-06-04 12:58:57,418",,,,13685,0,0,0
"2024-06-04 12:58:57,428",21802,0,0,,,,
"2024-06-04 12:58:57,434",,,,13685,0,0,0
"2024-06-04 12:58:57,444",21824,0,0,,,,
"2024-06-04 12:58:57,449",,,,13685,0,0,0
"2024-06-04 12:58:57,460",21847,0,0,,,,
"2024-06-04 12:58:57,465",,,,13685,0,0,0
"2024-06-04 12:58:57,475",21869,0,0,,,,
"2024-06-04 12:58:57,481",,,,13685,0,0,0
"2024-06-04 12:58:57,491",21892,0,0,,,,
"2024-06-04 12:58:57,497",,,,13685,0,0,0
"2024-06-04 12:58:57,507",21920,0,0,,,,
"2024-06-04 12:58:57,512",,,,13685,0,0,0
"2024-06-04 12:58:57,523",21942,0,0,,,,
"2024-06-04 12:58:57,528",,,,13685,0,0,0
"2024-06-04 12:58:57,538",21968,0,0,,,,
"2024-06-04 12:58:57,544",,,,13685,0,0,0
"2024-06-04 12:58:57,554",21990,0,0,,,,
"2024-06-04 12:58:57,560",,,,13685,0,0,0
"2024-06-04 12:58:57,570",22018,0,0,,,,
"2024-06-04 12:58:57,576",,,,13685,0,0,0
"2024-06-04 12:58:57,586",22041,0,0,,,,
"2024-06-04 12:58:57,592",,,,13685,0,0,0
"2024-06-04 12:58:57,603",22063,0,0,,,,
"2024-06-04 12:58:57,609",,,,13685,0,0,0
"2024-06-04 12:58:57,620",22086,0,0,,,,
"2024-06-04 12:58:57,625",,,,13685,0,0,0
"2024-06-04 12:58:57,636",22114,0,0,,,,
"2024-06-04 12:58:57,642",,,,13685,0,0,0
"2024-06-04 12:58:57,652",22136,0,0,,,,
"2024-06-04 12:58:57,658",,,,13685,32767,0,0
"2024-06-04 12:58:57,668",22159,0,0,,,,
"2024-06-04 12:58:57,674",,,,13685,32767,0,0
"2024-06-04 12:58:57,684",22181,4812,0,,,,
"2024-06-04 12:58:57,689",,,,13685,32767,0,0
"2024-06-04 12:58:57,699",22204,13846,0,,,,
"2024-06-04 12:58:57,705",,,,13685,32767,0,0
"2024-06-04 12:58:57,715",22229,20270,0,,,,
"2024-06-04 12:58:57,720",,,,13685,32767,0,0
"2024-06-04 12:58:57,730",22251,22812,0,,,,
"2024-06-04 12:58:57,736",,,,13685,32767,0,0
"2024-06-04 12:58:57,746",22274,23925,0,,,,
"2024-06-04 12:58:57,752",,,,13685,32767,0,0
"2024-06-04 12:58:57,762",22302,24452,0,,,,
"2024-06-04 12:58:57,767",,,,13685,32767,0,0
"2024-06-04 12:58:57,777",22321,24589,0,,,,
"2024-06-04 12:58:57,783",,,,13685,32767,0,0
"2024-06-04 12:58:57,793",22279,24636,0,,,,
"2024-06-04 12:58:57,798",,,,13685,32767,0,0
"2024-06-04 12:58:57,809",22085,24631,0,,,,
"2024-06-04 12:58:57,814",,,,13685,32767,0,0
"2024-06-04 12:58:57,824",21798,24617,0,,,,
"2024-06-04 12:58:57,830",,,,13685,32767,0,0
"2024-06-04 12:58:57,840",21735,24599,0,,,,
"2024-06-04 12:58:57,845",,,,13685,32767,0,0
"2024-06-04 12:58:57,857",21975,24576,0,,,,
"2024-06-04 12:58:57,863",,,,13685,32767,0,0
"2024-06-04 12:58:57,873",21947,24556,0,,,,
"2024-06-04 12:58:57,879",,,,13685,32767,0,0
"2024-06-04 12:58:57,889",21802,24537,0,,,,
"2024-06-04 12:58:57,895",,,,13685,32767,0,0
"2024-06-04 12:58:57,905",21673,24518,0,,,,
"2024-06-04 12:58:57,910",,,,13685,32767,0,0
"2024-06-04 12:58:57,921",21470,24498,0,,,,
"2024-06-04 12:58:57,927",,,,13685,32767,0,0
"2024-06-04 12:58:57,937",21526,24474,0,,,,
"2024-06-04 12:58:57,943",,,,13685,32767,0,0
"2024-06-04 12:58:57,952",21687,24454,0,,,,
"2024-06-04 12:58:57,958",,,,13685,32767,0,0
"2024-06-04 12:58:57,968",21616,24435,0,,,,
"2024-06-04 12:58:57,974",,,,13685,32767,0,0
"2024-06-04 12:58:57,984",21569,24415,0,,,,
"2024-06-04 12:58:57,989",,,,13685,32767,0,0
"2024-06-04 12:58:58,000",21590,24396,0,,,,
"2024-06-04 12:58:58,006",,,,13685,32767,0,0
"2024-06-04 12:58:58,016",21586,24372,0,,,,
"2024-06-04 12:58:58,022",,,,13685,32767,0,0
"2024-06-04 12:58:58,032",21531,24347,0,,,,
"2024-06-04 12:58:58,037",,,,13685,32767,0,0
"2024-06-04 12:58:58,047",21513,24328,0,,,,
"2024-06-04 12:58:58,053",,,,13685,32767,0,0
"2024-06-04 12:58:58,063",21498,24308,0,,,,
"2024-06-04 12:58:58,069",,,,13685,32767,0,0
"2024-06-04 12:58:58,080",21448,24289,0,,,,
"2024-06-04 12:58:58,086",,,,13685,32767,0,0
"2024-06-04 12:58:58,096",21404,24270,0,,,,
"2024-06-04 12:58:58,102",,,,13685,32767,0,0
"2024-06-04 12:58:58,112",21305,24245,0,,,,
"2024-06-04 12:58:58,118",,,,13685,32767,0,0
"2024-06-04 12:58:58,128",21253,24224,0,,,,
"2024-06-04 12:58:58,134",,,,13685,32767,0,0
"2024-06-04 12:58:58,144",21133,24204,0,,,,
"2024-06-04 12:58:58,150",,,,13685,32767,0,0
"2024-06-04 12:58:58,161",21071,24185,0,,,,
"2024-06-04 12:58:58,166",,,,13685,32767,0,0
"2024-06-04 12:58:58,176",21111,24161,0,,,,
"2024-06-04 12:58:58,182",,,,13685,32767,0,0
"2024-06-04 12:58:58,192",21137,24142,0,,,,
"2024-06-04 12:58:58,197",,,,13685,32767,0,0
"2024-06-04 12:58:58,207",21114,24122,0,,,,
"2024-06-04 12:58:58,212",,,,13685,32767,0,0
"2024-06-04 12:58:58,223",21028,24103,0,,,,
"2024-06-04 12:58:58,228",,,,13685,32767,0,0
"2024-06-04 12:58:58,238",20852,24079,0,,,,
"2024-06-04 12:58:58,244",,,,13685,32767,0,0
"2024-06-04 12:58:58,254",20925,24060,0,,,,
"2024-06-04 12:58:58,259",,,,13685,32767,0,0
"2024-06-04 12:58:58,269",20971,24035,0,,,,
"2024-06-04 12:58:58,275",,,,13685,32767,0,0
"2024-06-04 12:58:58,285",20955,24016,0,,,,
"2024-06-04 12:58:58,291",,,,13685,32767,0,0
"2024-06-04 12:58:58,301",20915,23997,0,,,,
"2024-06-04 12:58:58,307",,,,13685,32767,0,0
"2024-06-04 12:58:58,317",20867,23978,0,,,,
"2024-06-04 12:58:58,323",,,,13685,32767,0,0
"2024-06-04 12:58:58,333",20773,23954,0,,,,
"2024-06-04 12:58:58,339",,,,13685,32767,0,0
"2024-06-04 12:58:58,349",20815,23935,0,,,,
"2024-06-04 12:58:58,354",,,,13685,32767,0,0
"2024-06-04 12:58:58,364",20766,23915,0,,,,
"2024-06-04 12:58:58,370",,,,13685,32767,0,0
"2024-06-04 12:58:58,383",20674,23896,0,,,,
"2024-06-04 12:58:58,389",,,,13685,32767,0,0
"2024-06-04 12:58:58,399",20649,23877,0,,,,
"2024-06-04 12:58:58,404",,,,13685,32767,0,0
"2024-06-04 12:58:58,414",20605,23858,0,,,,
"2024-06-04 12:58:58,420",,,,13685,32767,0,0
"2024-06-04 12:58:58,429",20582,23834,0,,,,
"2024-06-04 12:58:58,435",,,,13685,32767,0,0
"2024-06-04 12:58:58,446",20501,23815,0,,,,
"2024-06-04 12:58:58,451",,,,13685,32767,0,0
"2024-06-04 12:58:58,461",20468,23786,0,,,,
"2024-06-04 12:58:58,467",,,,13685,32767,0,0
"2024-06-04 12:58:58,477",20425,23767,0,,,,
"2024-06-04 12:58:58,482",,,,13685,32767,0,0
"2024-06-04 12:58:58,492",20404,23748,0,,,,
"2024-06-04 12:58:58,498",,,,13685,32767,0,0
"2024-06-04 12:58:58,508",20421,23729,0,,,,
"2024-06-04 12:58:58,514",,,,13685,32767,0,0
"2024-06-04 12:58:58,527",20377,23710,0,,,,
"2024-06-04 12:58:58,532",,,,13685,32767,0,0
"2024-06-04 12:58:58,543",20337,23686,0,,,,
"2024-06-04 12:58:58,548",,,,13685,32767,0,0
"2024-06-04 12:58:58,558",20256,23664,0,,,,
"2024-06-04 12:58:58,564",,,,13685,32767,0,0
"2024-06-04 12:58:58,574",20233,23645,0,,,,
"2024-06-04 12:58:58,579",,,,13685,32767,0,0
"2024-06-04 12:58:58,590",20244,23626,0,,,,
"2024-06-04 12:58:58,595",,,,13685,32767,0,0
"2024-06-04 12:58:58,605",20239,23607,0,,,,
"2024-06-04 12:58:58,611",,,,13685,32767,0,0
"2024-06-04 12:58:58,621",20183,23583,0,,,,
"2024-06-04 12:58:58,626",,,,13685,32767,0,0
"2024-06-04 12:58:58,636",20109,23564,0,,,,
"2024-06-04 12:58:58,642",,,,13685,32767,0,0
"2024-06-04 12:58:58,652",20073,23546,0,,,,
"2024-06-04 12:58:58,658",,,,13685,32767,0,0
"2024-06-04 12:58:58,668",20051,23527,0,,,,
"2024-06-04 12:58:58,674",,,,13685,32767,0,0
"2024-06-04 12:58:58,684",20014,23503,0,,,,
"2024-06-04 12:58:58,689",,,,13685,32767,0,0
"2024-06-04 12:58:58,699",19975,23484,0,,,,
"2024-06-04 12:58:58,705",,,,13685,32767,0,0
"2024-06-04 12:58:58,715",19924,23465,0,,,,
"2024-06-04 12:58:58,721",,,,13685,32767,0,0
"2024-06-04 12:58:58,731",19890,23441,0,,,,
"2024-06-04 12:58:58,737",,,,13685,32767,0,0
"2024-06-04 12:58:58,747",19858,23422,0,,,,
"2024-06-04 12:58:58,753",,,,13685,32767,0,0
"2024-06-04 12:58:58,763",19835,23403,0,,,,
"2024-06-04 12:58:58,768",,,,13685,32767,0,0
"2024-06-04 12:58:58,778",19800,23385,0,,,,
"2024-06-04 12:58:58,784",,,,13685,32767,0,0
"2024-06-04 12:58:58,794",19768,23366,0,,,,
"2024-06-04 12:58:58,799",,,,13685,32767,0,0
"2024-06-04 12:58:58,809",19748,23347,0,,,,
"2024-06-04 12:58:58,815",,,,13685,32767,0,0
"2024-06-04 12:58:58,825",19712,23323,0,,,,
"2024-06-04 12:58:58,831",,,,13685,32767,0,0
"2024-06-04 12:58:58,841",19690,23304,0,,,,
"2024-06-04 12:58:58,847",,,,13685,32767,0,0
"2024-06-04 12:58:58,857",19651,23285,0,,,,
"2024-06-04 12:58:58,862",,,,13685,32767,0,0
"2024-06-04 12:58:58,872",19609,23267,0,,,,
"2024-06-04 12:58:58,878",,,,13685,32767,0,0
"2024-06-04 12:58:58,889",19577,23248,0,,,,
"2024-06-04 12:58:58,894",,,,13685,32767,0,0
"2024-06-04 12:58:58,905",19543,23224,0,,,,
"2024-06-04 12:58:58,910",,,,13685,32767,0,0
"2024-06-04 12:58:58,920",19510,23201,0,,,,
"2024-06-04 12:58:58,926",,,,13685,32767,0,0
"2024-06-04 12:58:58,936",19479,23182,0,,,,
"2024-06-04 12:58:58,942",,,,13685,32767,0,0
"2024-06-04 12:58:58,952",19437,23161,0,,,,
"2024-06-04 12:58:58,958",,,,13685,32767,0,0
"2024-06-04 12:58:58,969",19387,23142,0,,,,
"2024-06-04 12:58:58,975",,,,13685,32767,0,0
"2024-06-04 12:58:58,985",19354,23123,0,,,,
"2024-06-04 12:58:58,991",,,,13685,32767,0,0
"2024-06-04 12:58:59,001",19333,23105,0,,,,
"2024-06-04 12:58:59,007",,,,13685,32767,0,0
"2024-06-04 12:58:59,017",19305,23086,0,,,,
"2024-06-04 12:58:59,022",,,,13685,32767,0,0
"2024-06-04 12:58:59,033",19274,23067,0,,,,
"2024-06-04 12:58:59,039",,,,13685,32767,0,0
"2024-06-04 12:58:59,050",19228,23044,0,,,,
"2024-06-04 12:58:59,056",,,,13685,32767,0,0
"2024-06-04 12:58:59,066",19197,23025,0,,,,
"2024-06-04 12:58:59,072",,,,13685,32767,0,0
"2024-06-04 12:58:59,082",19175,23006,0,,,,
"2024-06-04 12:58:59,088",,,,13685,32767,0,0
"2024-06-04 12:58:59,099",19144,22988,0,,,,
"2024-06-04 12:58:59,104",,,,13685,32767,0,0
"2024-06-04 12:58:59,115",19116,22969,0,,,,
"2024-06-04 12:58:59,120",,,,13685,32767,0,0
"2024-06-04 12:58:59,130",19067,22941,0,,,,
"2024-06-04 12:58:59,136",,,,13685,32767,0,0
"2024-06-04 12:58:59,146",19039,22923,0,,,,
"2024-06-04 12:58:59,152",,,,13685,32767,0,0
"2024-06-04 12:58:59,162",19011,22904,0,,,,
"2024-06-04 12:58:59,168",,,,13685,32767,0,0
"2024-06-04 12:58:59,178",18965,22881,0,,,,
"2024-06-04 12:58:59,183",,,,13685,32767,0,0
"2024-06-04 12:58:59,195",18931,22862,0,,,,
"2024-06-04 12:58:59,200",,,,13685,32767,0,0
"2024-06-04 12:58:59,210",18904,22843,0,,,,
"2024-06-04 12:58:59,216",,,,13685,32767,0,0
"2024-06-04 12:58:59,226",18873,22825,0,,,,
"2024-06-04 12:58:59,232",,,,13685,32767,0,0
"2024-06-04 12:58:59,242",18841,22806,0,,,,
"2024-06-04 12:58:59,248",,,,13685,32767,0,0
"2024-06-04 12:58:59,258",18805,22783,0,,,,
"2024-06-04 12:58:59,264",,,,13685,32767,0,0
"2024-06-04 12:58:59,274",18772,22765,0,,,,
"2024-06-04 12:58:59,280",,,,13685,32767,0,0
"2024-06-04 12:58:59,290",18737,22746,0,,,,
"2024-06-04 12:58:59,296",,,,13685,32767,0,0
"2024-06-04 12:58:59,306",18704,22728,0,,,,
"2024-06-04 12:58:59,312",,,,13685,32767,0,0
"2024-06-04 12:58:59,322",18677,22709,0,,,,
"2024-06-04 12:58:59,327",,,,13685,32767,0,0
"2024-06-04 12:58:59,338",18650,22691,0,,,,
"2024-06-04 12:58:59,344",,,,13685,32767,0,0
"2024-06-04 12:58:59,354",18608,22663,0,,,,
"2024-06-04 12:58:59,359",,,,13685,32767,0,0
"2024-06-04 12:58:59,370",18576,22644,0,,,,
"2024-06-04 12:58:59,376",,,,13685,32767,0,0
"2024-06-04 12:58:59,385",18544,22626,0,,,,
"2024-06-04 12:58:59,391",,,,13685,32767,0,0
"2024-06-04 12:58:59,401",18514,22607,0,,,,
"2024-06-04 12:58:59,407",,,,13685,32767,0,0
"2024-06-04 12:58:59,417",18487,22589,0,,,,
"2024-06-04 12:58:59,422",,,,13685,32767,0,0
"2024-06-04 12:58:59,433",18458,22571,0,,,,
"2024-06-04 12:58:59,438",,,,13685,32767,0,0
"2024-06-04 12:58:59,448",18427,22552,0,,,,
"2024-06-04 12:58:59,454",,,,13685,32767,0,0
"2024-06-04 12:58:59,464",18395,22534,0,,,,
"2024-06-04 12:58:59,470",,,,13685,32767,0,0
"2024-06-04 12:58:59,480",18354,22509,0,,,,
"2024-06-04 12:58:59,486",,,,13685,32767,0,0
"2024-06-04 12:58:59,496",18322,22490,0,,,,
"2024-06-04 12:58:59,502",,,,13685,32767,0,0
"2024-06-04 12:58:59,512",18292,22472,0,,,,
"2024-06-04 12:58:59,517",,,,13685,32767,0,0
"2024-06-04 12:58:59,527",18262,22453,0,,,,
"2024-06-04 12:58:59,534",,,,13685,32767,0,0
"2024-06-04 12:58:59,545",18231,22435,0,,,,
"2024-06-04 12:58:59,551",,,,13685,32767,0,0
"2024-06-04 12:58:59,561",18203,22417,0,,,,
"2024-06-04 12:58:59,567",,,,13685,32767,0,0
"2024-06-04 12:58:59,577",18167,22394,0,,,,
"2024-06-04 12:58:59,582",,,,13685,32767,0,0
"2024-06-04 12:58:59,592",18128,22371,0,,,,
"2024-06-04 12:58:59,598",,,,13685,32767,0,0
"2024-06-04 12:58:59,608",18097,22353,0,,,,
"2024-06-04 12:58:59,614",,,,13685,32767,0,0
"2024-06-04 12:58:59,625",18069,22334,0,,,,
"2024-06-04 12:58:59,631",,,,13685,32767,0,0
"2024-06-04 12:58:59,641",18040,22316,0,,,,
"2024-06-04 12:58:59,647",,,,13685,32767,0,0
"2024-06-04 12:58:59,658",18011,22298,0,,,,
"2024-06-04 12:58:59,663",,,,13685,32767,0,0
"2024-06-04 12:58:59,674",17976,22275,0,,,,
"2024-06-04 12:58:59,680",,,,13685,32767,0,0
"2024-06-04 12:58:59,690",17947,22257,0,,,,
"2024-06-04 12:58:59,696",,,,13685,32767,0,0
"2024-06-04 12:58:59,706",17916,22239,0,,,,
"2024-06-04 12:58:59,712",,,,13685,32767,0,0
"2024-06-04 12:58:59,722",17886,22221,0,,,,
"2024-06-04 12:58:59,728",,,,13685,32767,0,0
"2024-06-04 12:58:59,738",17858,22202,0,,,,
"2024-06-04 12:58:59,744",,,,13685,32767,0,0
"2024-06-04 12:58:59,754",17828,22184,0,,,,
"2024-06-04 12:58:59,760",,,,13685,32767,0,0
"2024-06-04 12:58:59,770",17792,22161,0,,,,
"2024-06-04 12:58:59,776",,,,13685,32767,0,0
"2024-06-04 12:58:59,786",17758,22141,0,,,,
"2024-06-04 12:58:59,792",,,,13685,32767,0,0
"2024-06-04 12:58:59,802",17721,22118,0,,,,
"2024-06-04 12:58:59,808",,,,13685,32767,0,0
"2024-06-04 12:58:59,818",17692,22100,0,,,,
"2024-06-04 12:58:59,824",,,,13685,32767,0,0
"2024-06-04 12:58:59,834",17656,22078,0,,,,
"2024-06-04 12:58:59,840",,,,13685,32767,0,0
"2024-06-04 12:58:59,851",17627,22059,0,,,,
"2024-06-04 12:58:59,857",,,,13685,32767,0,0
"2024-06-04 12:58:59,867",17599,22041,0,,,,
"2024-06-04 12:58:59,873",,,,13685,32767,0,0
"2024-06-04 12:58:59,883",17570,22023,0,,,,
"2024-06-04 12:58:59,889",,,,13685,32767,0,0
"2024-06-04 12:58:59,899",17541,22005,0,,,,
"2024-06-04 12:58:59,905",,,,13685,32767,0,0
"2024-06-04 12:58:59,915",17513,21987,0,,,,
"2024-06-04 12:58:59,921",,,,13685,32767,0,0
"2024-06-04 12:58:59,931",17483,21969,0,,,,
"2024-06-04 12:58:59,936",,,,13685,32767,0,0
"2024-06-04 12:58:59,946",17455,21951,0,,,,
"2024-06-04 12:58:59,952",,,,13685,32767,0,0
"2024-06-04 12:58:59,962",17419,21929,0,,,,
"2024-06-04 12:58:59,968",,,,13685,32767,0,0
"2024-06-04 12:58:59,978",17391,21911,0,,,,
"2024-06-04 12:58:59,983",,,,13685,32767,0,0
"2024-06-04 12:58:59,994",17364,21893,0,,,,
"2024-06-04 12:59:00,000",,,,13685,32767,0,0
"2024-06-04 12:59:00,011",17334,21875,0,,,,
"2024-06-04 12:59:00,016",,,,13685,32767,0,0
"2024-06-04 12:59:00,027",17291,21848,0,,,,
"2024-06-04 12:59:00,032",,,,13685,32767,0,0
"2024-06-04 12:59:00,043",17263,21830,0,,,,
"2024-06-04 12:59:00,048",,,,13685,32767,0,0
"2024-06-04 12:59:00,059",17234,21812,0,,,,
"2024-06-04 12:59:00,064",,,,13685,32767,0,0
"2024-06-04 12:59:00,075",17206,21794,0,,,,
"2024-06-04 12:59:00,081",,,,13685,32767,0,0
"2024-06-04 12:59:00,092",17171,21771,0,,,,
"2024-06-04 12:59:00,098",,,,13685,32767,0,0
"2024-06-04 12:59:00,109",17142,21754,0,,,,
"2024-06-04 12:59:00,114",,,,13685,32767,0,0
"2024-06-04 12:59:00,125",17113,21736,0,,,,
"2024-06-04 12:59:00,131",,,,13685,32767,0,0
"2024-06-04 12:59:00,141",17085,21718,0,,,,
"2024-06-04 12:59:00,147",,,,13685,32767,0,0
"2024-06-04 12:59:00,163",17058,21700,0,,,,
"2024-06-04 12:59:00,169",,,,13685,32767,0,0
"2024-06-04 12:59:00,179",17030,21682,0,,,,
"2024-06-04 12:59:00,185",,,,13685,32767,0,0
"2024-06-04 12:59:00,195",17002,21664,0,,,,
"2024-06-04 12:59:00,200",,,,13685,32767,0,0
"2024-06-04 12:59:00,210",16967,21642,0,,,,
"2024-06-04 12:59:00,216",,,,13685,32767,0,0
"2024-06-04 12:59:00,226",16939,21624,0,,,,
"2024-06-04 12:59:00,232",,,,13685,32767,0,0
"2024-06-04 12:59:00,242",16911,21606,0,,,,
"2024-06-04 12:59:00,248",,,,13685,32767,0,0
"2024-06-04 12:59:00,259",16873,21582,0,,,,
"2024-06-04 12:59:00,264",,,,13685,32767,0,0
"2024-06-04 12:59:00,275",16842,21562,0,,,,
"2024-06-04 12:59:00,281",,,,13685,32767,0,0
"2024-06-04 12:59:00,291",16810,21542,0,,,,
"2024-06-04 12:59:00,296",,,,13685,32767,0,0
"2024-06-04 12:59:00,307",16783,21524,0,,,,
"2024-06-04 12:59:00,312",,,,13685,32767,0,0
"2024-06-04 12:59:00,323",16755,21506,0,,,,
"2024-06-04 12:59:00,329",,,,13685,32767,0,0
"2024-06-04 12:59:00,340",16728,21489,0,,,,
"2024-06-04 12:59:00,345",,,,13685,32767,0,0
"2024-06-04 12:59:00,356",16693,21466,0,,,,
"2024-06-04 12:59:00,361",,,,13685,32767,0,0
"2024-06-04 12:59:00,371",16665,21449,0,,,,
"2024-06-04 12:59:00,377",,,,13685,32767,0,0
"2024-06-04 12:59:00,387",16638,21431,0,,,,
"2024-06-04 12:59:00,393",,,,13685,32767,0,0
"2024-06-04 12:59:00,403",16610,21413,0,,,,
"2024-06-04 12:59:00,408",,,,13685,32767,0,0
"2024-06-04 12:59:00,418",16583,21396,0,,,,
"2024-06-04 12:59:00,424",,,,13685,0,0,0
"2024-06-04 12:59:00,434",16556,21378,0,,,,
"2024-06-04 12:59:00,440",,,,13685,0,0,0
"2024-06-04 12:59:00,451",16528,17256,0,,,,
"2024-06-04 12:59:00,456",,,,13685,0,0,0
"2024-06-04 12:59:00,467",16501,9440,0,,,,
"2024-06-04 12:59:00,472",,,,13685,0,0,0
"2024-06-04 12:59:00,482",16460,2972,0,,,,
"2024-06-04 12:59:00,488",,,,13685,0,0,0
"2024-06-04 12:59:00,498",16433,1272,0,,,,
"2024-06-04 12:59:00,504",,,,13685,0,0,0
"2024-06-04 12:59:00,514",16406,525,0,,,,
"2024-06-04 12:59:00,519",,,,13685,0,0,0
"2024-06-04 12:59:00,529",16373,166,0,,,,
"2024-06-04 12:59:00,535",,,,13685,0,0,0
"2024-06-04 12:59:00,545",16352,64,0,,,,
"2024-06-04 12:59:00,551",,,,13685,0,0,0
"2024-06-04 12:59:00,562",16373,0,0,,,,
"2024-06-04 12:59:00,567",,,,13685,0,0,0
"2024-06-04 12:59:00,577",16513,0,0,,,,
"2024-06-04 12:59:00,583",,,,13685,0,0,0
"2024-06-04 12:59:00,593",16753,0,0,,,,
"2024-06-04 12:59:00,599",,,,13685,0,0,0
"2024-06-04 12:59:00,609",16808,0,0,,,,
"2024-06-04 12:59:00,615",,,,13685,0,0,0
"2024-06-04 12:59:00,625",16627,0,0,,,,
"2024-06-04 12:59:00,630",,,,13685,0,0,0
"2024-06-04 12:59:00,640",16619,0,0,,,,
"2024-06-04 12:59:00,646",,,,13685,0,0,0
"2024-06-04 12:59:00,656",16735,0,0,,,,
"2024-06-04 12:59:00,662",,,,13685,0,0,0
"2024-06-04 12:59:00,672",16830,0,0,,,,
"2024-06-04 12:59:00,677",,,,13685,0,0,0
"2024-06-04 12:59:00,687",16997,0,0,,,,
"2024-06-04 12:59:00,693",,,,13685,0,0,0
"2024-06-04 12:59:00,703",16981,0,0,,,,
"2024-06-04 12:59:00,709",,,,13685,0,0,0
"2024-06-04 12:59:00,719",16812,0,0,,,,
"2024-06-04 12:59:00,725",,,,13685,0,0,0
"2024-06-04 12:59:00,735",16882,0,0,,,,
"2024-06-04 12:59:00,741",,,,13685,0,0,0
"2024-06-04 12:59:00,751",16893,0,0,,,,
"2024-06-04 12:59:00,757",,,,13685,0,0,0
"2024-06-04 12:59:00,767",16873,0,0,,,,
"2024-06-04 12:59:00,773",,,,13685,0,0,0
"2024-06-04 12:59:00,783",16871,0,0,,,,
"2024-06-04 12:59:00,789",,,,13685,0,0,0
"2024-06-04 12:59:00,799",16898,0,0,,,,
"2024-06-04 12:59:00,804",,,,13685,0,0,0
"2024-06-04 12:59:00,815",16917,0,0,,,,
"2024-06-04 12:59:00,820",,,,13685,0,0,0
"2024-06-04 12:59:00,830",16923,0,0,,,,
"2024-06-04 12:59:00,836",,,,13685,0,0,0
"2024-06-04 12:59:00,846",16960,0,0,,,,
"2024-06-04 12:59:00,852",,,,13685,0,0,0
"2024-06-04 12:59:00,862",16990,0,0,,,,
"2024-06-04 12:59:00,867",,,,13685,0,0,0
"2024-06-04 12:59:00,878",17057,0,0,,,,
"2024-06-04 12:59:00,884",,,,13685,0,0,0
"2024-06-04 12:59:00,894",17084,0,0,,,,
"2024-06-04 12:59:00,900",,,,13685,0,0,0
"2024-06-04 12:59:00,910",17162,0,0,,,,
"2024-06-04 12:59:00,916",,,,13685,0,0,0
"2024-06-04 12:59:00,926",17246,0,0,,,,
"2024-06-04 12:59:00,931",,,,13685,0,0,0
"2024-06-04 12:59:00,941",17222,0,0,,,,
"2024-06-04 12:59:00,947",,,,13685,0,0,0
"2024-06-04 12:59:00,958",17178,0,0,,,,
"2024-06-04 12:59:00,964",,,,13685,0,0,0
"2024-06-04 12:59:00,975",17187,0,0,,,,
"2024-06-04 12:59:00,982",,,,13685,0,0,0
"2024-06-04 12:59:00,992",17241,0,0,,,,
"2024-06-04 12:59:00,999",,,,13685,0,0,0
"2024-06-04 12:59:01,009",17377,0,0,,,,
"2024-06-04 12:59:01,016",,,,13685,0,0,0
"2024-06-04 12:59:01,027",17366,0,0,,,,
"2024-06-04 12:59:01,034",,,,13685,0,0,0
"2024-06-04 12:59:01,045",17284,0,0,,,,
"2024-06-04 12:59:01,051",,,,13685,0,0,0
"2024-06-04 12:59:01,062",17288,0,0,,,,
"2024-06-04 12:59:01,068",,,,13685,0,0,0
"2024-06-04 12:59:01,080",17307,0,0,,,,
"2024-06-04 12:59:01,087",,,,13685,0,0,0
"2024-06-04 12:59:01,098",17337,0,0,,,,
"2024-06-04 12:59:01,104",,,,13685,0,0,0
"2024-06-04 12:59:01,114",17397,0,0,,,,
"2024-06-04 12:59:01,120",,,,13685,0,0,0
"2024-06-04 12:59:01,130",17418,0,0,,,,
"2024-06-04 12:59:01,136",,,,13685,0,0,0
"2024-06-04 12:59:01,147",17379,0,0,,,,
"2024-06-04 12:59:01,153",,,,13685,0,0,0
"2024-06-04 12:59:01,164",17478,0,0,,,,
"2024-06-04 12:59:01,170",,,,13685,0,0,0
"2024-06-04 12:59:01,180",17504,0,0,,,,
"2024-06-04 12:59:01,186",,,,13685,0,0,0
"2024-06-04 12:59:01,197",17541,0,0,,,,
"2024-06-04 12:59:01,203",,,,13685,0,0,0
"2024-06-04 12:59:01,213",17552,0,0,,,,
"2024-06-04 12:59:01,219",,,,13685,0,0,0
"2024-06-04 12:59:01,229",17617,0,0,,,,
"2024-06-04 12:59:01,236",,,,13685,0,0,0
"2024-06-04 12:59:01,246",17639,0,0,,,,
"2024-06-04 12:59:01,252",,,,13685,0,0,0
"2024-06-04 12:59:01,263",17646,0,0,,,,
"2024-06-04 12:59:01,269",,,,13685,0,0,0
"2024-06-04 12:59:01,279",17684,0,0,,,,
"2024-06-04 12:59:01,285",,,,13685,0,0,0
"2024-06-04 12:59:01,296",17660,0,0,,,,
"2024-06-04 12:59:01,301",,,,13685,0,0,0
"2024-06-04 12:59:01,312",17692,0,0,,,,
"2024-06-04 12:59:01,318",,,,13685,0,0,0
"2024-06-04 12:59:01,328",17718,0,0,,,,
"2024-06-04 12:59:01,334",,,,13685,0,0,0
"2024-06-04 12:59:01,345",17775,0,0,,,,
"2024-06-04 12:59:01,351",,,,13685,0,0,0
"2024-06-04 12:59:01,361",17798,0,0,,,,
"2024-06-04 12:59:01,367",,,,13685,0,0,0
"2024-06-04 12:59:01,377",17782,0,0,,,,
"2024-06-04 12:59:01,383",,,,13685,0,0,0
"2024-06-04 12:59:01,394",17782,0,0,,,,
"2024-06-04 12:59:01,400",,,,13685,0,0,0
"2024-06-04 12:59:01,410",17829,0,0,,,,
"2024-06-04 12:59:01,415",,,,13685,0,0,0
"2024-06-04 12:59:01,426",17885,0,0,,,,
"2024-06-04 12:59:01,431",,,,13685,0,0,0
"2024-06-04 12:59:01,441",17906,0,0,,,,
"2024-06-04 12:59:01,447",,,,13685,0,0,0
"2024-06-04 12:59:01,458",17921,0,0,,,,
"2024-06-04 12:59:01,464",,,,13685,0,0,0
"2024-06-04 12:59:01,474",17947,0,0,,,,
"2024-06-04 12:59:01,480",,,,13685,0,0,0
"2024-06-04 12:59:01,491",17977,0,0,,,,
"2024-06-04 12:59:01,497",,,,13685,0,0,0
"2024-06-04 12:59:01,507",18014,0,0,,,,
"2024-06-04 12:59:01,513",,,,13685,0,0,0
"2024-06-04 12:59:01,524",18031,0,0,,,,
"2024-06-04 12:59:01,529",,,,13685,0,0,0
"2024-06-04 12:59:01,540",18053,0,0,,,,
"2024-06-04 12:59:01,545",,,,13685,0,0,0
"2024-06-04 12:59:01,555",18069,0,0,,,,
"2024-06-04 12:59:01,561",,,,13685,0,0,0
"2024-06-04 12:59:01,571",18099,0,0,,,,
"2024-06-04 12:59:01,577",,,,13685,0,0,0
"2024-06-04 12:59:01,587",18119,0,0,,,,
"2024-06-04 12:59:01,593",,,,13685,0,0,0
"2024-06-04 12:59:01,603",18133,0,0,,,,
"2024-06-04 12:59:01,610",,,,13685,0,0,0
"2024-06-04 12:59:01,620",18159,0,0,,,,
"2024-06-04 12:59:01,626",,,,13685,0,0,0
"2024-06-04 12:59:01,636",18175,0,0,,,,
"2024-06-04 12:59:01,642",,,,13685,0,0,0
"2024-06-04 12:59:01,653",18215,0,0,,,,
"2024-06-04 12:59:01,659",,,,13685,0,0,0
"2024-06-04 12:59:01,670",18235,0,0,,,,
"2024-06-04 12:59:01,676",,,,13685,0,0,0
"2024-06-04 12:59:01,686",18262,0,0,,,,
"2024-06-04 12:59:01,692",,,,13685,0,0,0
"2024-06-04 12:59:01,702",18279,0,0,,,,
"2024-06-04 12:59:01,708",,,,13685,0,0,0
"2024-06-04 12:59:01,719",18298,0,0,,,,
"2024-06-04 12:59:01,725",,,,13685,0,0,0
"2024-06-04 12:59:01,735",18320,0,0,,,,
"2024-06-04 12:59:01,741",,,,13685,0,0,0
"2024-06-04 12:59:01,751",18346,0,0,,,,
"2024-06-04 12:59:01,757",,,,13685,0,0,0
"2024-06-04 12:59:01,768",18384,0,0,,,,
"2024-06-04 12:59:01,773",,,,13685,0,0,0
"2024-06-04 12:59:01,784",18411,0,0,,,,
"2024-06-04 12:59:01,790",,,,13685,0,0,0
"2024-06-04 12:59:01,800",18429,0,0,,,,
"2024-06-04 12:59:01,806",,,,13685,0,0,0
"2024-06-04 12:59:01,816",18449,0,0,,,,
"2024-06-04 12:59:01,822",,,,13685,0,0,0
"2024-06-04 12:59:01,833",18471,0,0,,,,
"2024-06-04 12:59:01,838",,,,13685,0,0,0
"2024-06-04 12:59:01,849",18506,0,0,,,,
"2024-06-04 12:59:01,854",,,,13685,0,0,0
"2024-06-04 12:59:01,865",18527,0,0,,,,
"2024-06-04 12:59:01,870",,,,13685,0,0,0
"2024-06-04 12:59:01,880",18547,0,0,,,,
"2024-06-04 12:59:01,886",,,,13685,0,0,0
"2024-06-04 12:59:01,896",18569,0,0,,,,
"2024-06-04 12:59:01,902",,,,13685,0,0,0
"2024-06-04 12:59:01,912",18589,0,0,,,,
"2024-06-04 12:59:01,918",,,,13685,0,0,0
"2024-06-04 12:59:01,928",18623,0,0,,,,
"2024-06-04 12:59:01,934",,,,13685,0,0,0
"2024-06-04 12:59:01,944",18642,0,0,,,,
"2024-06-04 12:59:01,950",,,,13685,0,0,0
"2024-06-04 12:59:01,960",18663,0,0,,,,
"2024-06-04 12:59:01,969",,,,13685,0,0,0
"2024-06-04 12:59:01,986",18692,0,0,,,,
"2024-06-04 12:59:01,993",,,,13685,0,0,0
"2024-06-04 12:59:02,005",18717,0,0,,,,
"2024-06-04 12:59:02,011",,,,13685,0,0,0
"2024-06-04 12:59:02,022",18736,0,0,,,,
"2024-06-04 12:59:02,028",,,,13685,0,0,0
"2024-06-04 12:59:02,038",18759,0,0,,,,
"2024-06-04 12:59:02,044",,,,13685,0,0,0
"2024-06-04 12:59:02,055",18783,0,0,,,,
"2024-06-04 12:59:02,061",,,,13685,0,0,0
"2024-06-04 12:59:02,071",18811,0,0,,,,
"2024-06-04 12:59:02,077",,,,13685,0,0,0
"2024-06-04 12:59:02,087",18843,0,0,,,,
"2024-06-04 12:59:02,093",,,,13685,0,0,0
"2024-06-04 12:59:02,103",18869,0,0,,,,
"2024-06-04 12:59:02,109",,,,13685,0,0,0
"2024-06-04 12:59:02,120",18891,0,0,,,,
"2024-06-04 12:59:02,125",,,,13685,0,0,0
"2024-06-04 12:59:02,136",18911,0,0,,,,
"2024-06-04 12:59:02,141",,,,13685,0,0,0
"2024-06-04 12:59:02,151",18936,0,0,,,,
"2024-06-04 12:59:02,157",,,,13685,0,0,0
"2024-06-04 12:59:02,167",18957,0,0,,,,
"2024-06-04 12:59:02,173",,,,13685,0,0,0
"2024-06-04 12:59:02,183",18981,0,0,,,,
"2024-06-04 12:59:02,189",,,,13685,0,0,0
"2024-06-04 12:59:02,199",19013,0,0,,,,
"2024-06-04 12:59:02,205",,,,13685,0,0,0
"2024-06-04 12:59:02,215",19032,0,0,,,,
"2024-06-04 12:59:02,221",,,,13685,0,0,0
"2024-06-04 12:59:02,231",19051,0,0,,,,
"2024-06-04 12:59:02,237",,,,13685,0,0,0
"2024-06-04 12:59:02,247",19074,0,0,,,,
"2024-06-04 12:59:02,253",,,,13685,0,0,0
"2024-06-04 12:59:02,264",19101,0,0,,,,
"2024-06-04 12:59:02,269",,,,13685,0,0,0
"2024-06-04 12:59:02,280",19124,0,0,,,,
"2024-06-04 12:59:02,286",,,,13685,0,0,0
"2024-06-04 12:59:02,296",19147,0,0,,,,
"2024-06-04 12:59:02,302",,,,13685,0,0,0
"2024-06-04 12:59:02,313",19182,0,0,,,,
"2024-06-04 12:59:02,319",,,,13685,0,0,0
"2024-06-04 12:59:02,329",19204,0,0,,,,
"2024-06-04 12:59:02,335",,,,13685,0,0,0
"2024-06-04 12:59:02,345",19227,0,0,,,,
"2024-06-04 12:59:02,351",,,,13685,0,0,0
"2024-06-04 12:59:02,361",19249,0,0,,,,
"2024-06-04 12:59:02,366",,,,13685,0,0,0
"2024-06-04 12:59:02,378",19271,0,0,,,,
"2024-06-04 12:59:02,383",,,,13685,0,0,0
"2024-06-04 12:59:02,393",19299,0,0,,,,
"2024-06-04 12:59:02,399",,,,13685,0,0,0
"2024-06-04 12:59:02,409",19323,0,0,,,,
"2024-06-04 12:59:02,415",,,,13685,0,0,0
"2024-06-04 12:59:02,425",19345,0,0,,,,
"2024-06-04 12:59:02,430",,,,13685,0,0,0
"2024-06-04 12:59:02,441",19367,0,0,,,,
"2024-06-04 12:59:02,446",,,,13685,0,0,0
"2024-06-04 12:59:02,456",19395,0,0,,,,
"2024-06-04 12:59:02,462",,,,13685,0,0,0
"2024-06-04 12:59:02,472",19419,0,0,,,,
"2024-06-04 12:59:02,477",,,,13685,0,0,0
"2024-06-04 12:59:02,488",19440,0,0,,,,
"2024-06-04 12:59:02,493",,,,13685,0,0,0
"2024-06-04 12:59:02,503",19463,0,0,,,,
"2024-06-04 12:59:02,509",,,,13685,0,0,0
"2024-06-04 12:59:02,519",19493,0,0,,,,
"2024-06-04 12:59:02,526",,,,13685,0,0,0
"2024-06-04 12:59:02,536",19520,0,0,,,,
"2024-06-04 12:59:02,542",,,,13685,0,0,0
"2024-06-04 12:59:02,552",19548,0,0,,,,
"2024-06-04 12:59:02,558",,,,13685,0,0,0
"2024-06-04 12:59:02,569",19570,0,0,,,,
"2024-06-04 12:59:02,575",,,,13685,0,0,0
"2024-06-04 12:59:02,585",19594,0,0,,,,
"2024-06-04 12:59:02,591",,,,13685,0,0,0
"2024-06-04 12:59:02,603",19617,0,0,,,,
"2024-06-04 12:59:02,609",,,,13685,0,0,0
"2024-06-04 12:59:02,620",19639,0,0,,,,
"2024-06-04 12:59:02,626",,,,13685,0,0,0
"2024-06-04 12:59:02,636",19662,0,0,,,,
"2024-06-04 12:59:02,642",,,,13685,0,0,0
"2024-06-04 12:59:02,652",19690,0,0,,,,
"2024-06-04 12:59:02,658",,,,13685,0,0,0
"2024-06-04 12:59:02,669",19715,0,0,,,,
"2024-06-04 12:59:02,675",,,,13685,0,0,0
"2024-06-04 12:59:02,686",19737,0,0,,,,
"2024-06-04 12:59:02,693",,,,13685,0,0,0
"2024-06-04 12:59:02,704",19760,0,0,,,,
"2024-06-04 12:59:02,710",,,,13685,0,0,0
"2024-06-04 12:59:02,721",19782,0,0,,,,
"2024-06-04 12:59:02,727",,,,13685,0,0,0
"2024-06-04 12:59:02,737",19805,0,0,,,,
"2024-06-04 12:59:02,742",,,,13685,0,0,0
"2024-06-04 12:59:02,753",19827,0,0,,,,
"2024-06-04 12:59:02,759",,,,13685,0,0,0
"2024-06-04 12:59:02,769",19864,0,0,,,,
"2024-06-04 12:59:02,775",,,,13685,0,0,0
"2024-06-04 12:59:02,786",19883,0,0,,,,
"2024-06-04 12:59:02,791",,,,13685,0,0,0
"2024-06-04 12:59:02,802",19905,0,0,,,,
"2024-06-04 12:59:02,808",,,,13685,0,0,0
"2024-06-04 12:59:02,818",19928,0,0,,,,
"2024-06-04 12:59:02,823",,,,13685,0,0,0
"2024-06-04 12:59:02,834",19951,0,0,,,,
"2024-06-04 12:59:02,839",,,,13685,0,0,0
"2024-06-04 12:59:02,851",19976,0,0,,,,
"2024-06-04 12:59:02,857",,,,13685,0,0,0
"2024-06-04 12:59:02,867",19998,0,0,,,,
"2024-06-04 12:59:02,873",,,,13685,0,0,0
"2024-06-04 12:59:02,883",20021,0,0,,,,
"2024-06-04 12:59:02,888",,,,13685,0,0,0
"2024-06-04 12:59:02,899",20043,0,0,,,,
"2024-06-04 12:59:02,904",,,,13685,0,0,0
"2024-06-04 12:59:02,915",20071,0,0,,,,
"2024-06-04 12:59:02,921",,,,13685,0,0,0
"2024-06-04 12:59:02,931",20094,0,0,,,,
"2024-06-04 12:59:02,937",,,,13685,0,0,0
"2024-06-04 12:59:02,947",20117,0,0,,,,
"2024-06-04 12:59:02,953",,,,13685,0,0,0
"2024-06-04 12:59:02,964",20117,0,0,,,,
"2024-06-04 12:59:02,969",,,,13685,0,0,0
"2024-06-04 12:59:02,981",20148,0,0,,,,
"2024-06-04 12:59:02,987",,,,13685,0,0,0
"2024-06-04 12:59:02,997",20181,0,0,,,,
"2024-06-04 12:59:03,002",,,,13685,0,0,0
"2024-06-04 12:59:03,014",20203,0,0,,,,
"2024-06-04 12:59:03,019",,,,13685,0,0,0
"2024-06-04 12:59:03,030",20226,0,0,,,,
"2024-06-04 12:59:03,035",,,,13685,0,0,0
"2024-06-04 12:59:03,046",20248,0,0,,,,
"2024-06-04 12:59:03,051",,,,13685,0,0,0
"2024-06-04 12:59:03,062",20271,0,0,,,,
"2024-06-04 12:59:03,067",,,,13685,0,0,0
"2024-06-04 12:59:03,078",20293,0,0,,,,
"2024-06-04 12:59:03,083",,,,13685,0,0,0
"2024-06-04 12:59:03,094",20322,0,0,,,,
"2024-06-04 12:59:03,100",,,,13685,0,0,0
"2024-06-04 12:59:03,111",20344,0,0,,,,
"2024-06-04 12:59:03,119",,,,13685,0,0,0
"2024-06-04 12:59:03,130",20366,0,0,,,,
"2024-06-04 12:59:03,136",,,,13685,0,0,0
"2024-06-04 12:59:03,147",20389,0,0,,,,
"2024-06-04 12:59:03,153",,,,13685,0,0,0
"2024-06-04 12:59:03,163",20411,0,0,,,,
"2024-06-04 12:59:03,169",,,,13685,0,0,0
"2024-06-04 12:59:03,180",20440,0,0,,,,
"2024-06-04 12:59:03,186",,,,13685,0,0,0
"2024-06-04 12:59:03,196",20462,0,0,,,,
"2024-06-04 12:59:03,202",,,,13685,0,0,0
"2024-06-04 12:59:03,214",20488,0,0,,,,
"2024-06-04 12:59:03,220",,,,13685,0,0,0
"2024-06-04 12:59:03,231",20521,0,0,,,,
"2024-06-04 12:59:03,237",,,,13685,0,0,0
"2024-06-04 12:59:03,248",20543,0,0,,,,
"2024-06-04 12:59:03,253",,,,13685,0,0,0
"2024-06-04 12:59:03,264",20566,0,0,,,,
"2024-06-04 12:59:03,269",,,,13685,0,0,0
"2024-06-04 12:59:03,280",20589,0,0,,,,
"2024-06-04 12:59:03,285",,,,13685,0,0,0
"2024-06-04 12:59:03,296",20611,0,0,,,,
"2024-06-04 12:59:03,301",,,,13685,0,0,0
"2024-06-04 12:59:03,312",20633,0,0,,,,
"2024-06-04 12:59:03,318",,,,13685,0,0,0
"2024-06-04 12:59:03,328",20656,0,0,,,,
"2024-06-04 12:59:03,334",,,,13685,0,0,0
"2024-06-04 12:59:03,345",20678,0,0,,,,
"2024-06-04 12:59:03,350",,,,13685,0,0,0
"2024-06-04 12:59:03,361",20706,0,0,,,,
"2024-06-04 12:59:03,366",,,,13685,0,0,0
"2024-06-04 12:59:03,377",20729,0,0,,,,
"2024-06-04 12:59:03,383",,,,13685,0,0,0
"2024-06-04 12:59:03,393",20751,0,0,,,,
"2024-06-04 12:59:03,399",,,,13685,0,0,0
"2024-06-04 12:59:03,409",20774,0,0,,,,
"2024-06-04 12:59:03,415",,,,13685,0,0,0
"2024-06-04 12:59:03,425",20799,0,0,,,,
"2024-06-04 12:59:03,431",,,,13685,0,0,0
"2024-06-04 12:59:03,442",20822,0,0,,,,
"2024-06-04 12:59:03,448",,,,13685,0,0,0
"2024-06-04 12:59:03,458",20850,0,0,,,,
"2024-06-04 12:59:03,464",,,,13685,0,0,0
"2024-06-04 12:59:03,474",20872,0,0,,,,
"2024-06-04 12:59:03,480",,,,13685,0,0,0
"2024-06-04 12:59:03,490",20900,0,0,,,,
"2024-06-04 12:59:03,496",,,,13685,0,0,0
"2024-06-04 12:59:03,509",20923,0,0,,,,
"2024-06-04 12:59:03,514",,,,13685,0,0,0
"2024-06-04 12:59:03,526",20945,0,0,,,,
"2024-06-04 12:59:03,532",,,,13685,0,0,0
"2024-06-04 12:59:03,542",20968,0,0,,,,
"2024-06-04 12:59:03,548",,,,13685,0,0,0
"2024-06-04 12:59:03,559",20990,0,0,,,,
"2024-06-04 12:59:03,564",,,,13685,0,0,0
"2024-06-04 12:59:03,575",21013,0,0,,,,
"2024-06-04 12:59:03,581",,,,13685,0,0,0
"2024-06-04 12:59:03,591",21035,0,0,,,,
"2024-06-04 12:59:03,597",,,,13685,0,0,0
"2024-06-04 12:59:03,607",21063,0,0,,,,
"2024-06-04 12:59:03,613",,,,13685,0,0,0
"2024-06-04 12:59:03,623",21086,0,0,,,,
"2024-06-04 12:59:03,629",,,,13685,0,0,0
"2024-06-04 12:59:03,639",21108,0,0,,,,
"2024-06-04 12:59:03,645",,,,13685,0,0,0
"2024-06-04 12:59:03,655",21131,0,0,,,,
"2024-06-04 12:59:03,660",,,,13685,0,0,0
"2024-06-04 12:59:03,671",21153,0,0,,,,
"2024-06-04 12:59:03,677",,,,13685,0,0,0
"2024-06-04 12:59:03,688",21181,0,0,,,,
"2024-06-04 12:59:03,694",,,,13685,0,0,0
"2024-06-04 12:59:03,705",21209,0,0,,,,
"2024-06-04 12:59:03,711",,,,13685,0,0,0
"2024-06-04 12:59:03,722",21235,0,0,,,,
"2024-06-04 12:59:03,729",,,,13685,0,0,0
"2024-06-04 12:59:03,743",21257,0,0,,,,
"2024-06-04 12:59:03,753",,,,13685,0,0,0
"2024-06-04 12:59:03,767",21279,0,0,,,,
"2024-06-04 12:59:03,774",,,,13685,0,0,0
"2024-06-04 12:59:03,784",21302,0,0,,,,
"2024-06-04 12:59:03,790",,,,13685,0,0,0
"2024-06-04 12:59:03,803",21330,0,0,,,,
"2024-06-04 12:59:03,811",,,,13685,0,0,0
"2024-06-04 12:59:03,828",21353,0,0,,,,
"2024-06-04 12:59:03,836",,,,13685,0,0,0
"2024-06-04 12:59:03,851",21375,0,0,,,,
"2024-06-04 12:59:03,863",,,,13685,0,0,0
"2024-06-04 12:59:03,877",21398,0,0,,,,
"2024-06-04 12:59:03,887",,,,13685,0,0,0
"2024-06-04 12:59:03,902",21420,0,0,,,,
"2024-06-04 12:59:03,910",,,,13685,0,0,0
"2024-06-04 12:59:03,922",21442,0,0,,,,
"2024-06-04 12:59:03,928",,,,13685,0,0,0
"2024-06-04 12:59:03,939",21465,0,0,,,,
"2024-06-04 12:59:03,945",,,,13685,0,0,0
"2024-06-04 12:59:03,956",21493,0,0,,,,
"2024-06-04 12:59:03,962",,,,13685,0,0,0
"2024-06-04 12:59:03,973",21527,0,0,,,,
"2024-06-04 12:59:03,979",,,,13685,0,0,0
"2024-06-04 12:59:03,990",21549,0,0,,,,
"2024-06-04 12:59:03,996",,,,13685,0,0,0
"2024-06-04 12:59:04,008",21572,0,0,,,,
"2024-06-04 12:59:04,014",,,,13685,0,0,0
"2024-06-04 12:59:04,025",21594,0,0,,,,
"2024-06-04 12:59:04,031",,,,13685,0,0,0
"2024-06-04 12:59:04,041",21622,0,0,,,,
"2024-06-04 12:59:04,047",,,,13685,0,0,0
"2024-06-04 12:59:04,059",21645,0,0,,,,
"2024-06-04 12:59:04,065",,,,13685,0,0,0
"2024-06-04 12:59:04,076",21667,0,0,,,,
"2024-06-04 12:59:04,083",,,,13685,0,0,0
"2024-06-04 12:59:04,094",21690,0,0,,,,
"2024-06-04 12:59:04,100",,,,13685,0,0,0
"2024-06-04 12:59:04,111",21712,0,0,,,,
"2024-06-04 12:59:04,117",,,,13685,0,0,0
"2024-06-04 12:59:04,128",21735,0,0,,,,
"2024-06-04 12:59:04,134",,,,13685,0,0,0
"2024-06-04 12:59:04,144",21760,0,0,,,,
"2024-06-04 12:59:04,150",,,,13685,0,0,0
"2024-06-04 12:59:04,162",21788,0,0,,,,
"2024-06-04 12:59:04,168",,,,13685,0,0,0
"2024-06-04 12:59:04,179",21810,0,0,,,,
"2024-06-04 12:59:04,184",,,,13685,0,0,0
"2024-06-04 12:59:04,195",21833,0,0,,,,
"2024-06-04 12:59:04,201",,,,13685,0,0,0
"2024-06-04 12:59:04,212",21861,0,0,,,,
"2024-06-04 12:59:04,218",,,,13685,0,0,0
"2024-06-04 12:59:04,228",21883,0,0,,,,
"2024-06-04 12:59:04,234",,,,13685,0,0,0
"2024-06-04 12:59:04,245",21906,0,0,,,,
"2024-06-04 12:59:04,251",,,,13685,0,0,0
"2024-06-04 12:59:04,262",21928,0,0,,,,
"2024-06-04 12:59:04,268",,,,13685,0,0,0
"2024-06-04 12:59:04,278",21951,0,0,,,,
"2024-06-04 12:59:04,284",,,,13685,0,0,0
"2024-06-04 12:59:04,295",21979,0,0,,,,
"2024-06-04 12:59:04,300",,,,13685,0,0,0
"2024-06-04 12:59:04,311",22001,0,0,,,,
"2024-06-04 12:59:04,317",,,,13685,0,0,0
"2024-06-04 12:59:04,328",22024,0,0,,,,
"2024-06-04 12:59:04,333",,,,13685,0,0,0
"2024-06-04 12:59:04,344",22046,0,0,,,,
"2024-06-04 12:59:04,350",,,,13685,0,0,0
"2024-06-04 12:59:04,361",22069,0,0,,,,
"2024-06-04 12:59:04,367",,,,13685,0,0,0
"2024-06-04 12:59:04,377",22091,0,0,,,,
"2024-06-04 12:59:04,383",,,,13685,0,0,0
"2024-06-04 12:59:04,394",22117,0,0,,,,
"2024-06-04 12:59:04,400",,,,13685,0,0,0
"2024-06-04 12:59:04,410",22145,0,0,,,,
"2024-06-04 12:59:04,419",,,,13685,32767,0,0
"2024-06-04 12:59:04,436",22167,0,0,,,,
"2024-06-04 12:59:04,445",,,,13685,32767,0,0
"2024-06-04 12:59:04,459",22195,7234,0,,,,
"2024-06-04 12:59:04,466",,,,13685,32767,0,0
"2024-06-04 12:59:04,477",22218,15707,0,,,,
"2024-06-04 12:59:04,483",,,,13685,32767,0,0
"2024-06-04 12:59:04,495",22240,20620,0,,,,
"2024-06-04 12:59:04,501",,,,13685,32767,0,0
"2024-06-04 12:59:04,512",22263,22952,0,,,,
"2024-06-04 12:59:04,518",,,,13685,32767,0,0
"2024-06-04 12:59:04,529",22291,24144,0,,,,
"2024-06-04 12:59:04,535",,,,13685,32767,0,0
"2024-06-04 12:59:04,546",22313,24476,0,,,,
"2024-06-04 12:59:04,553",,,,13685,32767,0,0
"2024-06-04 12:59:04,564",22331,24599,0,,,,
"2024-06-04 12:59:04,570",,,,13685,32767,0,0
"2024-06-04 12:59:04,581",22317,24636,0,,,,
"2024-06-04 12:59:04,587",,,,13685,32767,0,0
"2024-06-04 12:59:04,598",22187,24639,0,,,,
"2024-06-04 12:59:04,605",,,,13685,32767,0,0
"2024-06-04 12:59:04,616",21807,24622,0,,,,
"2024-06-04 12:59:04,622",,,,13685,32767,0,0
"2024-06-04 12:59:04,633",21746,24604,0,,,,
"2024-06-04 12:59:04,639",,,,13685,32767,0,0
"2024-06-04 12:59:04,650",21947,24586,0,,,,
"2024-06-04 12:59:04,657",,,,13685,32767,0,0
"2024-06-04 12:59:04,668",21985,24566,0,,,,
"2024-06-04 12:59:04,674",,,,13685,32767,0,0
"2024-06-04 12:59:04,685",21840,24547,0,,,,
"2024-06-04 12:59:04,691",,,,13685,32767,0,0
"2024-06-04 12:59:04,702",21683,24523,0,,,,
"2024-06-04 12:59:04,708",,,,13685,32767,0,0
"2024-06-04 12:59:04,720",21449,24498,0,,,,
"2024-06-04 12:59:04,726",,,,13685,32767,0,0
"2024-06-04 12:59:04,737",21536,24479,0,,,,
"2024-06-04 12:59:04,743",,,,13685,32767,0,0
"2024-06-04 12:59:04,754",21696,24459,0,,,,
"2024-06-04 12:59:04,760",,,,13685,32767,0,0
"2024-06-04 12:59:04,772",21622,24440,0,,,,
"2024-06-04 12:59:04,778",,,,13685,32767,0,0
"2024-06-04 12:59:04,788",21577,24420,0,,,,
"2024-06-04 12:59:04,794",,,,13685,32767,0,0
"2024-06-04 12:59:04,805",21601,24401,0,,,,
"2024-06-04 12:59:04,811",,,,13685,32767,0,0
"2024-06-04 12:59:04,822",21594,24377,0,,,,
"2024-06-04 12:59:04,828",,,,13685,32767,0,0
"2024-06-04 12:59:04,839",21554,24357,0,,,,
"2024-06-04 12:59:04,845",,,,13685,32767,0,0
"2024-06-04 12:59:04,856",21520,24338,0,,,,
"2024-06-04 12:59:04,862",,,,13685,32767,0,0
"2024-06-04 12:59:04,874",21518,24318,0,,,,
"2024-06-04 12:59:04,880",,,,13685,32767,0,0
"2024-06-04 12:59:04,891",21466,24299,0,,,,
"2024-06-04 12:59:04,897",,,,13685,32767,0,0
"2024-06-04 12:59:04,909",21422,24277,0,,,,
"2024-06-04 12:59:04,915",,,,13685,32767,0,0
"2024-06-04 12:59:04,926",21336,24258,0,,,,
"2024-06-04 12:59:04,932",,,,13685,32767,0,0
"2024-06-04 12:59:04,944",21281,24233,0,,,,
"2024-06-04 12:59:04,951",,,,13685,32767,0,0
"2024-06-04 12:59:04,962",21142,24209,0,,,,
"2024-06-04 12:59:04,968",,,,13685,32767,0,0
"2024-06-04 12:59:04,981",21080,24190,0,,,,
"2024-06-04 12:59:04,988",,,,13685,32767,0,0
"2024-06-04 12:59:04,999",21108,24171,0,,,,
"2024-06-04 12:59:05,005",,,,13685,32767,0,0
"2024-06-04 12:59:05,017",21145,24151,0,,,,
"2024-06-04 12:59:05,023",,,,13685,32767,0,0
"2024-06-04 12:59:05,035",21122,24127,0,,,,
"2024-06-04 12:59:05,041",,,,13685,32767,0,0
"2024-06-04 12:59:05,052",21037,24108,0,,,,
"2024-06-04 12:59:05,059",,,,13685,32767,0,0
"2024-06-04 12:59:05,070",20876,24089,0,,,,
"2024-06-04 12:59:05,076",,,,13685,32767,0,0
"2024-06-04 12:59:05,087",20908,24069,0,,,,
"2024-06-04 12:59:05,094",,,,13685,32767,0,0
"2024-06-04 12:59:05,105",20981,24050,0,,,,
"2024-06-04 12:59:05,111",,,,13685,32767,0,0
"2024-06-04 12:59:05,121",20972,24031,0,,,,
"2024-06-04 12:59:05,127",,,,13685,32767,0,0
"2024-06-04 12:59:05,139",20940,24009,0,,,,
"2024-06-04 12:59:05,146",,,,13685,32767,0,0
"2024-06-04 12:59:05,158",20898,23990,0,,,,
"2024-06-04 12:59:05,164",,,,13685,32767,0,0
"2024-06-04 12:59:05,175",20820,23971,0,,,,
"2024-06-04 12:59:05,181",,,,13685,32767,0,0
"2024-06-04 12:59:05,192",20803,23947,0,,,,
"2024-06-04 12:59:05,199",,,,13685,32767,0,0
"2024-06-04 12:59:05,210",20789,23923,0,,,,
"2024-06-04 12:59:05,216",,,,13685,32767,0,0
"2024-06-04 12:59:05,227",20687,23903,0,,,,
"2024-06-04 12:59:05,234",,,,13685,32767,0,0
"2024-06-04 12:59:05,245",20662,23884,0,,,,
"2024-06-04 12:59:05,251",,,,13685,32767,0,0
"2024-06-04 12:59:05,262",20618,23865,0,,,,
"2024-06-04 12:59:05,268",,,,13685,32767,0,0
"2024-06-04 12:59:05,279",20596,23841,0,,,,
"2024-06-04 12:59:05,285",,,,13685,32767,0,0
"2024-06-04 12:59:05,297",20520,23822,0,,,,
"2024-06-04 12:59:05,303",,,,13685,32767,0,0
"2024-06-04 12:59:05,314",20520,23822,0,,,,
"2024-06-04 12:59:05,320",,,,13685,32767,0,0
"2024-06-04 12:59:05,331",20500,23817,0,,,,
"2024-06-04 12:59:05,337",,,,13685,32767,0,0
"2024-06-04 12:59:05,349",20462,23781,0,,,,
"2024-06-04 12:59:05,355",,,,13685,32767,0,0
"2024-06-04 12:59:05,366",20415,23765,0,,,,
"2024-06-04 12:59:05,372",,,,13685,32767,0,0
"2024-06-04 12:59:05,383",20426,23743,0,,,,
"2024-06-04 12:59:05,389",,,,13685,32767,0,0
"2024-06-04 12:59:05,401",20411,23724,0,,,,
"2024-06-04 12:59:05,407",,,,13685,32767,0,0
"2024-06-04 12:59:05,417",20367,23705,0,,,,
"2024-06-04 12:59:05,423",,,,13685,32767,0,0
"2024-06-04 12:59:05,434",20314,23681,0,,,,
"2024-06-04 12:59:05,440",,,,13685,32767,0,0
"2024-06-04 12:59:05,451",20240,23657,0,,,,
"2024-06-04 12:59:05,457",,,,13685,32767,0,0
"2024-06-04 12:59:05,468",20251,23638,0,,,,
"2024-06-04 12:59:05,474",,,,13685,32767,0,0
"2024-06-04 12:59:05,485",20251,23619,0,,,,
"2024-06-04 12:59:05,491",,,,13685,32767,0,0
"2024-06-04 12:59:05,502",20216,23596,0,,,,
"2024-06-04 12:59:05,508",,,,13685,32767,0,0
"2024-06-04 12:59:05,519",20142,23577,0,,,,
"2024-06-04 12:59:05,525",,,,13685,32767,0,0
"2024-06-04 12:59:05,535",20090,23558,0,,,,
"2024-06-04 12:59:05,541",,,,13685,32767,0,0
"2024-06-04 12:59:05,552",20069,23539,0,,,,
"2024-06-04 12:59:05,558",,,,13685,32767,0,0
"2024-06-04 12:59:05,569",20040,23520,0,,,,
"2024-06-04 12:59:05,575",,,,13685,32767,0,0
"2024-06-04 12:59:05,585",20010,23501,0,,,,
"2024-06-04 12:59:05,591",,,,13685,32767,0,0
"2024-06-04 12:59:05,602",19950,23477,0,,,,
"2024-06-04 12:59:05,608",,,,13685,32767,0,0
"2024-06-04 12:59:05,619",19913,23458,0,,,,
"2024-06-04 12:59:05,625",,,,13685,32767,0,0
"2024-06-04 12:59:05,636",19887,23439,0,,,,
"2024-06-04 12:59:05,642",,,,13685,32767,0,0
"2024-06-04 12:59:05,652",19857,23420,0,,,,
"2024-06-04 12:59:05,658",,,,13685,32767,0,0
"2024-06-04 12:59:05,669",19824,23396,0,,,,
"2024-06-04 12:59:05,675",,,,13685,32767,0,0
"2024-06-04 12:59:05,686",19786,23378,0,,,,
"2024-06-04 12:59:05,691",,,,13685,32767,0,0
"2024-06-04 12:59:05,702",19760,23354,0,,,,
"2024-06-04 12:59:05,709",,,,13685,32767,0,0
"2024-06-04 12:59:05,720",19729,23335,0,,,,
"2024-06-04 12:59:05,726",,,,13685,32767,0,0
"2024-06-04 12:59:05,737",19707,23316,0,,,,
"2024-06-04 12:59:05,743",,,,13685,32767,0,0
"2024-06-04 12:59:05,754",19670,23295,0,,,,
"2024-06-04 12:59:05,760",,,,13685,32767,0,0
"2024-06-04 12:59:05,771",19627,23276,0,,,,
"2024-06-04 12:59:05,777",,,,13685,32767,0,0
"2024-06-04 12:59:05,788",19585,23253,0,,,,
"2024-06-04 12:59:05,794",,,,13685,32767,0,0
"2024-06-04 12:59:05,804",19557,23234,0,,,,
"2024-06-04 12:59:05,810",,,,13685,32767,0,0
"2024-06-04 12:59:05,821",19533,23215,0,,,,
"2024-06-04 12:59:05,826",,,,13685,32767,0,0
"2024-06-04 12:59:05,837",19502,23196,0,,,,
"2024-06-04 12:59:05,843",,,,13685,32767,0,0
"2024-06-04 12:59:05,853",19470,23177,0,,,,
"2024-06-04 12:59:05,859",,,,13685,32767,0,0
"2024-06-04 12:59:05,869",19426,23159,0,,,,
"2024-06-04 12:59:05,875",,,,13685,32767,0,0
"2024-06-04 12:59:05,885",19380,23140,0,,,,
"2024-06-04 12:59:05,891",,,,13685,32767,0,0
"2024-06-04 12:59:05,902",19354,23121,0,,,,
"2024-06-04 12:59:05,908",,,,13685,32767,0,0
"2024-06-04 12:59:05,919",19324,23098,0,,,,
"2024-06-04 12:59:05,925",,,,13685,32767,0,0
"2024-06-04 12:59:05,936",19293,23079,0,,,,
"2024-06-04 12:59:05,941",,,,13685,32767,0,0
"2024-06-04 12:59:05,952",19260,23060,0,,,,
"2024-06-04 12:59:05,958",,,,13685,32767,0,0
"2024-06-04 12:59:05,969",19211,23035,0,,,,
"2024-06-04 12:59:05,975",,,,13685,32767,0,0
"2024-06-04 12:59:05,986",19189,23016,0,,,,
"2024-06-04 12:59:05,992",,,,13685,32767,0,0
"2024-06-04 12:59:06,003",19160,22997,0,,,,
"2024-06-04 12:59:06,009",,,,13685,32767,0,0
"2024-06-04 12:59:06,019",19124,22974,0,,,,
"2024-06-04 12:59:06,025",,,,13685,32767,0,0
"2024-06-04 12:59:06,036",19092,22955,0,,,,
"2024-06-04 12:59:06,042",,,,13685,32767,0,0
"2024-06-04 12:59:06,052",19060,22937,0,,,,
"2024-06-04 12:59:06,058",,,,13685,32767,0,0
"2024-06-04 12:59:06,069",19019,22909,0,,,,
"2024-06-04 12:59:06,075",,,,13685,32767,0,0
"2024-06-04 12:59:06,085",18983,22890,0,,,,
"2024-06-04 12:59:06,091",,,,13685,32767,0,0
"2024-06-04 12:59:06,102",18946,22871,0,,,,
"2024-06-04 12:59:06,108",,,,13685,32767,0,0
"2024-06-04 12:59:06,118",18912,22848,0,,,,
"2024-06-04 12:59:06,124",,,,13685,32767,0,0
"2024-06-04 12:59:06,135",18864,22820,0,,,,
"2024-06-04 12:59:06,141",,,,13685,32767,0,0
"2024-06-04 12:59:06,152",18835,22802,0,,,,
"2024-06-04 12:59:06,158",,,,13685,32767,0,0
"2024-06-04 12:59:06,169",18805,22783,0,,,,
"2024-06-04 12:59:06,175",,,,13685,32767,0,0
"2024-06-04 12:59:06,185",18762,22760,0,,,,
"2024-06-04 12:59:06,194",,,,13685,32767,0,0
"2024-06-04 12:59:06,213",18728,22742,0,,,,
"2024-06-04 12:59:06,222",,,,13685,32767,0,0
"2024-06-04 12:59:06,233",18698,22723,0,,,,
"2024-06-04 12:59:06,239",,,,13685,32767,0,0
"2024-06-04 12:59:06,249",18671,22705,0,,,,
"2024-06-04 12:59:06,255",,,,13685,32767,0,0
"2024-06-04 12:59:06,266",18644,22686,0,,,,
"2024-06-04 12:59:06,272",,,,13685,32767,0,0
"2024-06-04 12:59:06,282",18615,22668,0,,,,
"2024-06-04 12:59:06,288",,,,13685,32767,0,0
"2024-06-04 12:59:06,298",18584,22649,0,,,,
"2024-06-04 12:59:06,304",,,,13685,32767,0,0
"2024-06-04 12:59:06,315",18548,22628,0,,,,
"2024-06-04 12:59:06,321",,,,13685,32767,0,0
"2024-06-04 12:59:06,331",18511,22605,0,,,,
"2024-06-04 12:59:06,337",,,,13685,32767,0,0
"2024-06-04 12:59:06,348",18485,22587,0,,,,
"2024-06-04 12:59:06,354",,,,13685,32767,0,0
"2024-06-04 12:59:06,365",18454,22568,0,,,,
"2024-06-04 12:59:06,371",,,,13685,32767,0,0
"2024-06-04 12:59:06,382",18414,22545,0,,,,
"2024-06-04 12:59:06,387",,,,13685,32767,0,0
"2024-06-04 12:59:06,398",18384,22527,0,,,,
"2024-06-04 12:59:06,404",,,,13685,32767,0,0
"2024-06-04 12:59:06,414",18354,22509,0,,,,
"2024-06-04 12:59:06,420",,,,13685,32767,0,0
"2024-06-04 12:59:06,431",18322,22490,0,,,,
"2024-06-04 12:59:06,436",,,,13685,32767,0,0
"2024-06-04 12:59:06,447",18292,22472,0,,,,
"2024-06-04 12:59:06,453",,,,13685,32767,0,0
"2024-06-04 12:59:06,464",18262,22454,0,,,,
"2024-06-04 12:59:06,470",,,,13685,32767,0,0
"2024-06-04 12:59:06,481",18232,22435,0,,,,
"2024-06-04 12:59:06,488",,,,13685,32767,0,0
"2024-06-04 12:59:06,499",18196,22412,0,,,,
"2024-06-04 12:59:06,505",,,,13685,32767,0,0
"2024-06-04 12:59:06,517",18167,22394,0,,,,
"2024-06-04 12:59:06,523",,,,13685,32767,0,0
"2024-06-04 12:59:06,535",18136,22376,0,,,,
"2024-06-04 12:59:06,541",,,,13685,32767,0,0
"2024-06-04 12:59:06,552",18105,22357,0,,,,
"2024-06-04 12:59:06,559",,,,13685,32767,0,0
"2024-06-04 12:59:06,570",18077,22339,0,,,,
"2024-06-04 12:59:06,576",,,,13685,32767,0,0
"2024-06-04 12:59:06,587",18040,22316,0,,,,
"2024-06-04 12:59:06,593",,,,13685,32767,0,0
"2024-06-04 12:59:06,604",18012,22298,0,,,,
"2024-06-04 12:59:06,610",,,,13685,32767,0,0
"2024-06-04 12:59:06,621",17977,22275,0,,,,
"2024-06-04 12:59:06,628",,,,13685,32767,0,0
"2024-06-04 12:59:06,639",17939,22253,0,,,,
"2024-06-04 12:59:06,645",,,,13685,32767,0,0
"2024-06-04 12:59:06,656",17908,22234,0,,,,
"2024-06-04 12:59:06,662",,,,13685,32767,0,0
"2024-06-04 12:59:06,673",17879,22216,0,,,,
"2024-06-04 12:59:06,679",,,,13685,32767,0,0
"2024-06-04 12:59:06,691",17851,22198,0,,,,
